CUB_200_2011/images/001.Black_footed_Albatross/Black_Footed_Albatross_0026_796095.jpg 0
CUB_200_2011/images/001.Black_footed_Albatross/Black_Footed_Albatross_0036_796127.jpg 0
CUB_200_2011/images/001.Black_footed_Albatross/Black_Footed_Albatross_0040_796066.jpg 0
CUB_200_2011/images/001.Black_footed_Albatross/Black_Footed_Albatross_0014_89.jpg 0
CUB_200_2011/images/002.Laysan_Albatross/Laysan_Albatross_0044_784.jpg 1
CUB_200_2011/images/002.Laysan_Albatross/Laysan_Albatross_0023_1059.jpg 1
CUB_200_2011/images/002.Laysan_Albatross/Laysan_Albatross_0065_809.jpg 1
CUB_200_2011/images/002.Laysan_Albatross/Laysan_Albatross_0058_637.jpg 1
CUB_200_2011/images/003.Sooty_Albatross/Sooty_Albatross_0072_796371.jpg 2
CUB_200_2011/images/003.Sooty_Albatross/Sooty_Albatross_0014_796373.jpg 2
CUB_200_2011/images/003.Sooty_Albatross/Sooty_Albatross_0031_1066.jpg 2
CUB_200_2011/images/003.Sooty_Albatross/Sooty_Albatross_0001_1071.jpg 2
CUB_200_2011/images/004.Groove_billed_Ani/Groove_Billed_Ani_0076_1661.jpg 3
CUB_200_2011/images/004.Groove_billed_Ani/Groove_Billed_Ani_0018_1613.jpg 3
CUB_200_2011/images/004.Groove_billed_Ani/Groove_Billed_Ani_0014_1755.jpg 3
CUB_200_2011/images/004.Groove_billed_Ani/Groove_Billed_Ani_0051_1650.jpg 3
CUB_200_2011/images/005.Crested_Auklet/Crested_Auklet_0028_794951.jpg 4
CUB_200_2011/images/005.Crested_Auklet/Crested_Auklet_0053_794966.jpg 4
CUB_200_2011/images/005.Crested_Auklet/Crested_Auklet_0045_794940.jpg 4
CUB_200_2011/images/005.Crested_Auklet/Crested_Auklet_0042_794902.jpg 4
CUB_200_2011/images/006.Least_Auklet/Least_Auklet_0052_795088.jpg 5
CUB_200_2011/images/006.Least_Auklet/Least_Auklet_0045_795069.jpg 5
CUB_200_2011/images/006.Least_Auklet/Least_Auklet_0027_795091.jpg 5
CUB_200_2011/images/006.Least_Auklet/Least_Auklet_0042_1874.jpg 5
CUB_200_2011/images/007.Parakeet_Auklet/Parakeet_Auklet_0030_795930.jpg 6
CUB_200_2011/images/007.Parakeet_Auklet/Parakeet_Auklet_0072_795929.jpg 6
CUB_200_2011/images/007.Parakeet_Auklet/Parakeet_Auklet_0061_795990.jpg 6
CUB_200_2011/images/007.Parakeet_Auklet/Parakeet_Auklet_0059_795973.jpg 6
CUB_200_2011/images/008.Rhinoceros_Auklet/Rhinoceros_Auklet_0016_2114.jpg 7
CUB_200_2011/images/008.Rhinoceros_Auklet/Rhinoceros_Auklet_0050_797534.jpg 7
CUB_200_2011/images/008.Rhinoceros_Auklet/Rhinoceros_Auklet_0009_797539.jpg 7
CUB_200_2011/images/008.Rhinoceros_Auklet/Rhinoceros_Auklet_0007_797521.jpg 7
CUB_200_2011/images/009.Brewer_Blackbird/Brewer_Blackbird_0042_2302.jpg 8
CUB_200_2011/images/009.Brewer_Blackbird/Brewer_Blackbird_0080_2234.jpg 8
CUB_200_2011/images/009.Brewer_Blackbird/Brewer_Blackbird_0131_2289.jpg 8
CUB_200_2011/images/009.Brewer_Blackbird/Brewer_Blackbird_0054_2631.jpg 8
CUB_200_2011/images/010.Red_winged_Blackbird/Red_Winged_Blackbird_0089_4188.jpg 9
CUB_200_2011/images/010.Red_winged_Blackbird/Red_Winged_Blackbird_0014_3761.jpg 9
CUB_200_2011/images/010.Red_winged_Blackbird/Red_Winged_Blackbird_0005_5636.jpg 9
CUB_200_2011/images/010.Red_winged_Blackbird/Red_Winged_Blackbird_0054_4625.jpg 9
CUB_200_2011/images/011.Rusty_Blackbird/Rusty_Blackbird_0051_6715.jpg 10
CUB_200_2011/images/011.Rusty_Blackbird/Rusty_Blackbird_0056_6856.jpg 10
CUB_200_2011/images/011.Rusty_Blackbird/Rusty_Blackbird_0100_6597.jpg 10
CUB_200_2011/images/011.Rusty_Blackbird/Rusty_Blackbird_0102_6590.jpg 10
CUB_200_2011/images/012.Yellow_headed_Blackbird/Yellow_Headed_Blackbird_0109_8271.jpg 11
CUB_200_2011/images/012.Yellow_headed_Blackbird/Yellow_Headed_Blackbird_0085_8363.jpg 11
CUB_200_2011/images/012.Yellow_headed_Blackbird/Yellow_Headed_Blackbird_0072_8606.jpg 11
CUB_200_2011/images/012.Yellow_headed_Blackbird/Yellow_Headed_Blackbird_0095_8458.jpg 11
CUB_200_2011/images/013.Bobolink/Bobolink_0057_10051.jpg 12
CUB_200_2011/images/013.Bobolink/Bobolink_0040_9681.jpg 12
CUB_200_2011/images/013.Bobolink/Bobolink_0048_9988.jpg 12
CUB_200_2011/images/013.Bobolink/Bobolink_0013_9367.jpg 12
CUB_200_2011/images/014.Indigo_Bunting/Indigo_Bunting_0001_12469.jpg 13
CUB_200_2011/images/014.Indigo_Bunting/Indigo_Bunting_0058_12207.jpg 13
CUB_200_2011/images/014.Indigo_Bunting/Indigo_Bunting_0063_11820.jpg 13
CUB_200_2011/images/014.Indigo_Bunting/Indigo_Bunting_0056_12637.jpg 13
CUB_200_2011/images/015.Lazuli_Bunting/Lazuli_Bunting_0035_14920.jpg 14
CUB_200_2011/images/015.Lazuli_Bunting/Lazuli_Bunting_0067_14672.jpg 14
CUB_200_2011/images/015.Lazuli_Bunting/Lazuli_Bunting_0087_15096.jpg 14
CUB_200_2011/images/015.Lazuli_Bunting/Lazuli_Bunting_0015_14690.jpg 14
CUB_200_2011/images/016.Painted_Bunting/Painted_Bunting_0050_16670.jpg 15
CUB_200_2011/images/016.Painted_Bunting/Painted_Bunting_0073_16737.jpg 15
CUB_200_2011/images/016.Painted_Bunting/Painted_Bunting_0085_15282.jpg 15
CUB_200_2011/images/016.Painted_Bunting/Painted_Bunting_0053_16404.jpg 15
CUB_200_2011/images/017.Cardinal/Cardinal_0095_18108.jpg 16
CUB_200_2011/images/017.Cardinal/Cardinal_0062_17334.jpg 16
CUB_200_2011/images/017.Cardinal/Cardinal_0045_18021.jpg 16
CUB_200_2011/images/017.Cardinal/Cardinal_0081_17291.jpg 16
CUB_200_2011/images/018.Spotted_Catbird/Spotted_Catbird_0019_796788.jpg 17
CUB_200_2011/images/018.Spotted_Catbird/Spotted_Catbird_0045_796814.jpg 17
CUB_200_2011/images/018.Spotted_Catbird/Spotted_Catbird_0013_19428.jpg 17
CUB_200_2011/images/018.Spotted_Catbird/Spotted_Catbird_0010_19436.jpg 17
CUB_200_2011/images/019.Gray_Catbird/Gray_Catbird_0001_20695.jpg 18
CUB_200_2011/images/019.Gray_Catbird/Gray_Catbird_0107_20513.jpg 18
CUB_200_2011/images/019.Gray_Catbird/Gray_Catbird_0048_20558.jpg 18
CUB_200_2011/images/019.Gray_Catbird/Gray_Catbird_0125_19833.jpg 18
CUB_200_2011/images/020.Yellow_breasted_Chat/Yellow_Breasted_Chat_0100_21913.jpg 19
CUB_200_2011/images/020.Yellow_breasted_Chat/Yellow_Breasted_Chat_0086_21877.jpg 19
CUB_200_2011/images/020.Yellow_breasted_Chat/Yellow_Breasted_Chat_0075_21715.jpg 19
CUB_200_2011/images/020.Yellow_breasted_Chat/Yellow_Breasted_Chat_0011_21820.jpg 19
CUB_200_2011/images/021.Eastern_Towhee/Eastern_Towhee_0013_22336.jpg 20
CUB_200_2011/images/021.Eastern_Towhee/Eastern_Towhee_0040_22341.jpg 20
CUB_200_2011/images/021.Eastern_Towhee/Eastern_Towhee_0097_22580.jpg 20
CUB_200_2011/images/021.Eastern_Towhee/Eastern_Towhee_0099_22566.jpg 20
CUB_200_2011/images/022.Chuck_will_Widow/Chuck_Will_Widow_0047_796971.jpg 21
CUB_200_2011/images/022.Chuck_will_Widow/Chuck_Will_Widow_0007_796958.jpg 21
CUB_200_2011/images/022.Chuck_will_Widow/Chuck_Will_Widow_0059_796982.jpg 21
CUB_200_2011/images/022.Chuck_will_Widow/Chuck_Will_Widow_0005_796998.jpg 21
CUB_200_2011/images/023.Brandt_Cormorant/Brandt_Cormorant_0039_22945.jpg 22
CUB_200_2011/images/023.Brandt_Cormorant/Brandt_Cormorant_0025_22820.jpg 22
CUB_200_2011/images/023.Brandt_Cormorant/Brandt_Cormorant_0038_23110.jpg 22
CUB_200_2011/images/023.Brandt_Cormorant/Brandt_Cormorant_0052_23356.jpg 22
CUB_200_2011/images/024.Red_faced_Cormorant/Red_Faced_Cormorant_0070_796319.jpg 23
CUB_200_2011/images/024.Red_faced_Cormorant/Red_Faced_Cormorant_0073_796332.jpg 23
CUB_200_2011/images/024.Red_faced_Cormorant/Red_Faced_Cormorant_0054_796301.jpg 23
CUB_200_2011/images/024.Red_faced_Cormorant/Red_Faced_Cormorant_0028_796322.jpg 23
CUB_200_2011/images/025.Pelagic_Cormorant/Pelagic_Cormorant_0019_23546.jpg 24
CUB_200_2011/images/025.Pelagic_Cormorant/Pelagic_Cormorant_0085_23821.jpg 24
CUB_200_2011/images/025.Pelagic_Cormorant/Pelagic_Cormorant_0099_23784.jpg 24
CUB_200_2011/images/025.Pelagic_Cormorant/Pelagic_Cormorant_0044_23536.jpg 24
CUB_200_2011/images/026.Bronzed_Cowbird/Bronzed_Cowbird_0092_796215.jpg 25
CUB_200_2011/images/026.Bronzed_Cowbird/Bronzed_Cowbird_0073_796226.jpg 25
CUB_200_2011/images/026.Bronzed_Cowbird/Bronzed_Cowbird_0034_796209.jpg 25
CUB_200_2011/images/026.Bronzed_Cowbird/Bronzed_Cowbird_0061_796232.jpg 25
CUB_200_2011/images/027.Shiny_Cowbird/Shiny_Cowbird_0063_24259.jpg 26
CUB_200_2011/images/027.Shiny_Cowbird/Shiny_Cowbird_0019_24323.jpg 26
CUB_200_2011/images/027.Shiny_Cowbird/Shiny_Cowbird_0080_796875.jpg 26
CUB_200_2011/images/027.Shiny_Cowbird/Shiny_Cowbird_0015_796858.jpg 26
CUB_200_2011/images/028.Brown_Creeper/Brown_Creeper_0088_24731.jpg 27
CUB_200_2011/images/028.Brown_Creeper/Brown_Creeper_0059_25010.jpg 27
CUB_200_2011/images/028.Brown_Creeper/Brown_Creeper_0051_24468.jpg 27
CUB_200_2011/images/028.Brown_Creeper/Brown_Creeper_0004_24851.jpg 27
CUB_200_2011/images/029.American_Crow/American_Crow_0051_25505.jpg 28
CUB_200_2011/images/029.American_Crow/American_Crow_0036_25313.jpg 28
CUB_200_2011/images/029.American_Crow/American_Crow_0088_25303.jpg 28
CUB_200_2011/images/029.American_Crow/American_Crow_0085_25260.jpg 28
CUB_200_2011/images/030.Fish_Crow/Fish_Crow_0047_26070.jpg 29
CUB_200_2011/images/030.Fish_Crow/Fish_Crow_0038_26000.jpg 29
CUB_200_2011/images/030.Fish_Crow/Fish_Crow_0078_26144.jpg 29
CUB_200_2011/images/030.Fish_Crow/Fish_Crow_0070_25504.jpg 29
CUB_200_2011/images/031.Black_billed_Cuckoo/Black_Billed_Cuckoo_0096_26204.jpg 30
CUB_200_2011/images/031.Black_billed_Cuckoo/Black_Billed_Cuckoo_0030_26240.jpg 30
CUB_200_2011/images/031.Black_billed_Cuckoo/Black_Billed_Cuckoo_0076_26177.jpg 30
CUB_200_2011/images/031.Black_billed_Cuckoo/Black_Billed_Cuckoo_0018_26218.jpg 30
CUB_200_2011/images/032.Mangrove_Cuckoo/Mangrove_Cuckoo_0028_26358.jpg 31
CUB_200_2011/images/032.Mangrove_Cuckoo/Mangrove_Cuckoo_0034_26415.jpg 31
CUB_200_2011/images/032.Mangrove_Cuckoo/Mangrove_Cuckoo_0002_26410.jpg 31
CUB_200_2011/images/032.Mangrove_Cuckoo/Mangrove_Cuckoo_0013_794620.jpg 31
CUB_200_2011/images/033.Yellow_billed_Cuckoo/Yellow_Billed_Cuckoo_0036_26682.jpg 32
CUB_200_2011/images/033.Yellow_billed_Cuckoo/Yellow_Billed_Cuckoo_0023_26637.jpg 32
CUB_200_2011/images/033.Yellow_billed_Cuckoo/Yellow_Billed_Cuckoo_0019_26803.jpg 32
CUB_200_2011/images/033.Yellow_billed_Cuckoo/Yellow_Billed_Cuckoo_0081_26429.jpg 32
CUB_200_2011/images/034.Gray_crowned_Rosy_Finch/Gray_Crowned_Rosy_Finch_0023_797288.jpg 33
CUB_200_2011/images/034.Gray_crowned_Rosy_Finch/Gray_Crowned_Rosy_Finch_0038_797309.jpg 33
CUB_200_2011/images/034.Gray_crowned_Rosy_Finch/Gray_Crowned_Rosy_Finch_0067_797289.jpg 33
CUB_200_2011/images/034.Gray_crowned_Rosy_Finch/Gray_Crowned_Rosy_Finch_0025_797274.jpg 33
CUB_200_2011/images/035.Purple_Finch/Purple_Finch_0025_28174.jpg 34
CUB_200_2011/images/035.Purple_Finch/Purple_Finch_0014_27322.jpg 34
CUB_200_2011/images/035.Purple_Finch/Purple_Finch_0020_27961.jpg 34
CUB_200_2011/images/035.Purple_Finch/Purple_Finch_0048_27670.jpg 34
CUB_200_2011/images/036.Northern_Flicker/Northern_Flicker_0072_28678.jpg 35
CUB_200_2011/images/036.Northern_Flicker/Northern_Flicker_0054_28913.jpg 35
CUB_200_2011/images/036.Northern_Flicker/Northern_Flicker_0136_28918.jpg 35
CUB_200_2011/images/036.Northern_Flicker/Northern_Flicker_0095_28938.jpg 35
CUB_200_2011/images/037.Acadian_Flycatcher/Acadian_Flycatcher_0046_795596.jpg 36
CUB_200_2011/images/037.Acadian_Flycatcher/Acadian_Flycatcher_0052_795610.jpg 36
CUB_200_2011/images/037.Acadian_Flycatcher/Acadian_Flycatcher_0009_29155.jpg 36
CUB_200_2011/images/037.Acadian_Flycatcher/Acadian_Flycatcher_0022_29145.jpg 36
CUB_200_2011/images/038.Great_Crested_Flycatcher/Great_Crested_Flycatcher_0028_29696.jpg 37
CUB_200_2011/images/038.Great_Crested_Flycatcher/Great_Crested_Flycatcher_0131_29329.jpg 37
CUB_200_2011/images/038.Great_Crested_Flycatcher/Great_Crested_Flycatcher_0069_29603.jpg 37
CUB_200_2011/images/038.Great_Crested_Flycatcher/Great_Crested_Flycatcher_0070_29455.jpg 37
CUB_200_2011/images/039.Least_Flycatcher/Least_Flycatcher_0040_30366.jpg 38
CUB_200_2011/images/039.Least_Flycatcher/Least_Flycatcher_0049_30361.jpg 38
CUB_200_2011/images/039.Least_Flycatcher/Least_Flycatcher_0052_30321.jpg 38
CUB_200_2011/images/039.Least_Flycatcher/Least_Flycatcher_0065_30357.jpg 38
CUB_200_2011/images/040.Olive_sided_Flycatcher/Olive_Sided_Flycatcher_0081_796895.jpg 39
CUB_200_2011/images/040.Olive_sided_Flycatcher/Olive_Sided_Flycatcher_0054_30732.jpg 39
CUB_200_2011/images/040.Olive_sided_Flycatcher/Olive_Sided_Flycatcher_0030_796896.jpg 39
CUB_200_2011/images/040.Olive_sided_Flycatcher/Olive_Sided_Flycatcher_0009_796885.jpg 39
CUB_200_2011/images/041.Scissor_tailed_Flycatcher/Scissor_Tailed_Flycatcher_0004_41643.jpg 40
CUB_200_2011/images/041.Scissor_tailed_Flycatcher/Scissor_Tailed_Flycatcher_0016_42111.jpg 40
CUB_200_2011/images/041.Scissor_tailed_Flycatcher/Scissor_Tailed_Flycatcher_0076_41597.jpg 40
CUB_200_2011/images/041.Scissor_tailed_Flycatcher/Scissor_Tailed_Flycatcher_0110_42136.jpg 40
CUB_200_2011/images/042.Vermilion_Flycatcher/Vermilion_Flycatcher_0005_42478.jpg 41
CUB_200_2011/images/042.Vermilion_Flycatcher/Vermilion_Flycatcher_0011_42554.jpg 41
CUB_200_2011/images/042.Vermilion_Flycatcher/Vermilion_Flycatcher_0035_42282.jpg 41
CUB_200_2011/images/042.Vermilion_Flycatcher/Vermilion_Flycatcher_0065_42467.jpg 41
CUB_200_2011/images/043.Yellow_bellied_Flycatcher/Yellow_Bellied_Flycatcher_0048_795505.jpg 42
CUB_200_2011/images/043.Yellow_bellied_Flycatcher/Yellow_Bellied_Flycatcher_0018_795494.jpg 42
CUB_200_2011/images/043.Yellow_bellied_Flycatcher/Yellow_Bellied_Flycatcher_0037_795500.jpg 42
CUB_200_2011/images/043.Yellow_bellied_Flycatcher/Yellow_Bellied_Flycatcher_0027_42649.jpg 42
CUB_200_2011/images/044.Frigatebird/Frigatebird_0008_43058.jpg 43
CUB_200_2011/images/044.Frigatebird/Frigatebird_0004_43221.jpg 43
CUB_200_2011/images/044.Frigatebird/Frigatebird_0023_43110.jpg 43
CUB_200_2011/images/044.Frigatebird/Frigatebird_0112_43394.jpg 43
CUB_200_2011/images/045.Northern_Fulmar/Northern_Fulmar_0042_43739.jpg 44
CUB_200_2011/images/045.Northern_Fulmar/Northern_Fulmar_0010_44112.jpg 44
CUB_200_2011/images/045.Northern_Fulmar/Northern_Fulmar_0076_43893.jpg 44
CUB_200_2011/images/045.Northern_Fulmar/Northern_Fulmar_0014_43895.jpg 44
CUB_200_2011/images/046.Gadwall/Gadwall_0031_30935.jpg 45
CUB_200_2011/images/046.Gadwall/Gadwall_0085_31171.jpg 45
CUB_200_2011/images/046.Gadwall/Gadwall_0047_31360.jpg 45
CUB_200_2011/images/046.Gadwall/Gadwall_0029_31637.jpg 45
CUB_200_2011/images/047.American_Goldfinch/American_Goldfinch_0022_32111.jpg 46
CUB_200_2011/images/047.American_Goldfinch/American_Goldfinch_0089_32152.jpg 46
CUB_200_2011/images/047.American_Goldfinch/American_Goldfinch_0121_32725.jpg 46
CUB_200_2011/images/047.American_Goldfinch/American_Goldfinch_0029_32218.jpg 46
CUB_200_2011/images/048.European_Goldfinch/European_Goldfinch_0070_33084.jpg 47
CUB_200_2011/images/048.European_Goldfinch/European_Goldfinch_0092_794671.jpg 47
CUB_200_2011/images/048.European_Goldfinch/European_Goldfinch_0073_794633.jpg 47
CUB_200_2011/images/048.European_Goldfinch/European_Goldfinch_0068_33359.jpg 47
CUB_200_2011/images/049.Boat_tailed_Grackle/Boat_Tailed_Grackle_0043_33595.jpg 48
CUB_200_2011/images/049.Boat_tailed_Grackle/Boat_Tailed_Grackle_0019_33687.jpg 48
CUB_200_2011/images/049.Boat_tailed_Grackle/Boat_Tailed_Grackle_0075_33839.jpg 48
CUB_200_2011/images/049.Boat_tailed_Grackle/Boat_Tailed_Grackle_0054_33633.jpg 48
CUB_200_2011/images/050.Eared_Grebe/Eared_Grebe_0035_34137.jpg 49
CUB_200_2011/images/050.Eared_Grebe/Eared_Grebe_0085_34063.jpg 49
CUB_200_2011/images/050.Eared_Grebe/Eared_Grebe_0075_34115.jpg 49
CUB_200_2011/images/050.Eared_Grebe/Eared_Grebe_0063_34054.jpg 49
CUB_200_2011/images/051.Horned_Grebe/Horned_Grebe_0005_34657.jpg 50
CUB_200_2011/images/051.Horned_Grebe/Horned_Grebe_0066_34738.jpg 50
CUB_200_2011/images/051.Horned_Grebe/Horned_Grebe_0039_34848.jpg 50
CUB_200_2011/images/051.Horned_Grebe/Horned_Grebe_0102_34448.jpg 50
CUB_200_2011/images/052.Pied_billed_Grebe/Pied_Billed_Grebe_0078_35410.jpg 51
CUB_200_2011/images/052.Pied_billed_Grebe/Pied_Billed_Grebe_0100_35310.jpg 51
CUB_200_2011/images/052.Pied_billed_Grebe/Pied_Billed_Grebe_0013_35882.jpg 51
CUB_200_2011/images/052.Pied_billed_Grebe/Pied_Billed_Grebe_0099_35872.jpg 51
CUB_200_2011/images/053.Western_Grebe/Western_Grebe_0004_36130.jpg 52
CUB_200_2011/images/053.Western_Grebe/Western_Grebe_0001_36481.jpg 52
CUB_200_2011/images/053.Western_Grebe/Western_Grebe_0086_36478.jpg 52
CUB_200_2011/images/053.Western_Grebe/Western_Grebe_0081_36578.jpg 52
CUB_200_2011/images/054.Blue_Grosbeak/Blue_Grosbeak_0078_36655.jpg 53
CUB_200_2011/images/054.Blue_Grosbeak/Blue_Grosbeak_0066_36632.jpg 53
CUB_200_2011/images/054.Blue_Grosbeak/Blue_Grosbeak_0112_36679.jpg 53
CUB_200_2011/images/054.Blue_Grosbeak/Blue_Grosbeak_0071_36948.jpg 53
CUB_200_2011/images/055.Evening_Grosbeak/Evening_Grosbeak_0078_38051.jpg 54
CUB_200_2011/images/055.Evening_Grosbeak/Evening_Grosbeak_0027_37824.jpg 54
CUB_200_2011/images/055.Evening_Grosbeak/Evening_Grosbeak_0070_37767.jpg 54
CUB_200_2011/images/055.Evening_Grosbeak/Evening_Grosbeak_0015_37238.jpg 54
CUB_200_2011/images/056.Pine_Grosbeak/Pine_Grosbeak_0024_38403.jpg 55
CUB_200_2011/images/056.Pine_Grosbeak/Pine_Grosbeak_0009_38609.jpg 55
CUB_200_2011/images/056.Pine_Grosbeak/Pine_Grosbeak_0077_38929.jpg 55
CUB_200_2011/images/056.Pine_Grosbeak/Pine_Grosbeak_0014_38398.jpg 55
CUB_200_2011/images/057.Rose_breasted_Grosbeak/Rose_Breasted_Grosbeak_0055_39154.jpg 56
CUB_200_2011/images/057.Rose_breasted_Grosbeak/Rose_Breasted_Grosbeak_0028_39271.jpg 56
CUB_200_2011/images/057.Rose_breasted_Grosbeak/Rose_Breasted_Grosbeak_0126_39361.jpg 56
CUB_200_2011/images/057.Rose_breasted_Grosbeak/Rose_Breasted_Grosbeak_0084_39053.jpg 56
CUB_200_2011/images/058.Pigeon_Guillemot/Pigeon_Guillemot_0109_39872.jpg 57
CUB_200_2011/images/058.Pigeon_Guillemot/Pigeon_Guillemot_0082_40290.jpg 57
CUB_200_2011/images/058.Pigeon_Guillemot/Pigeon_Guillemot_0020_40088.jpg 57
CUB_200_2011/images/058.Pigeon_Guillemot/Pigeon_Guillemot_0083_39980.jpg 57
CUB_200_2011/images/059.California_Gull/California_Gull_0074_41358.jpg 58
CUB_200_2011/images/059.California_Gull/California_Gull_0028_40666.jpg 58
CUB_200_2011/images/059.California_Gull/California_Gull_0100_41088.jpg 58
CUB_200_2011/images/059.California_Gull/California_Gull_0025_41479.jpg 58
CUB_200_2011/images/060.Glaucous_winged_Gull/Glaucous_Winged_Gull_0007_44575.jpg 59
CUB_200_2011/images/060.Glaucous_winged_Gull/Glaucous_Winged_Gull_0051_44543.jpg 59
CUB_200_2011/images/060.Glaucous_winged_Gull/Glaucous_Winged_Gull_0023_45090.jpg 59
CUB_200_2011/images/060.Glaucous_winged_Gull/Glaucous_Winged_Gull_0133_44738.jpg 59
CUB_200_2011/images/061.Heermann_Gull/Heermann_Gull_0035_45754.jpg 60
CUB_200_2011/images/061.Heermann_Gull/Heermann_Gull_0086_45304.jpg 60
CUB_200_2011/images/061.Heermann_Gull/Heermann_Gull_0015_41392.jpg 60
CUB_200_2011/images/061.Heermann_Gull/Heermann_Gull_0097_45783.jpg 60
CUB_200_2011/images/062.Herring_Gull/Herring_Gull_0140_46455.jpg 61
CUB_200_2011/images/062.Herring_Gull/Herring_Gull_0102_48078.jpg 61
CUB_200_2011/images/062.Herring_Gull/Herring_Gull_0001_48205.jpg 61
CUB_200_2011/images/062.Herring_Gull/Herring_Gull_0004_48046.jpg 61
CUB_200_2011/images/063.Ivory_Gull/Ivory_Gull_0015_49199.jpg 62
CUB_200_2011/images/063.Ivory_Gull/Ivory_Gull_0079_49179.jpg 62
CUB_200_2011/images/063.Ivory_Gull/Ivory_Gull_0062_49722.jpg 62
CUB_200_2011/images/063.Ivory_Gull/Ivory_Gull_0038_49298.jpg 62
CUB_200_2011/images/064.Ring_billed_Gull/Ring_Billed_Gull_0079_51206.jpg 63
CUB_200_2011/images/064.Ring_billed_Gull/Ring_Billed_Gull_0045_50215.jpg 63
CUB_200_2011/images/064.Ring_billed_Gull/Ring_Billed_Gull_0059_51554.jpg 63
CUB_200_2011/images/064.Ring_billed_Gull/Ring_Billed_Gull_0001_51416.jpg 63
CUB_200_2011/images/065.Slaty_backed_Gull/Slaty_Backed_Gull_0085_53158.jpg 64
CUB_200_2011/images/065.Slaty_backed_Gull/Slaty_Backed_Gull_0008_53145.jpg 64
CUB_200_2011/images/065.Slaty_backed_Gull/Slaty_Backed_Gull_0033_796023.jpg 64
CUB_200_2011/images/065.Slaty_backed_Gull/Slaty_Backed_Gull_0087_786374.jpg 64
CUB_200_2011/images/066.Western_Gull/Western_Gull_0098_53925.jpg 65
CUB_200_2011/images/066.Western_Gull/Western_Gull_0089_55306.jpg 65
CUB_200_2011/images/066.Western_Gull/Western_Gull_0065_55728.jpg 65
CUB_200_2011/images/066.Western_Gull/Western_Gull_0097_54508.jpg 65
CUB_200_2011/images/067.Anna_Hummingbird/Anna_Hummingbird_0128_57047.jpg 66
CUB_200_2011/images/067.Anna_Hummingbird/Anna_Hummingbird_0122_56622.jpg 66
CUB_200_2011/images/067.Anna_Hummingbird/Anna_Hummingbird_0099_55916.jpg 66
CUB_200_2011/images/067.Anna_Hummingbird/Anna_Hummingbird_0098_56388.jpg 66
CUB_200_2011/images/068.Ruby_throated_Hummingbird/Ruby_Throated_Hummingbird_0027_58191.jpg 67
CUB_200_2011/images/068.Ruby_throated_Hummingbird/Ruby_Throated_Hummingbird_0115_58067.jpg 67
CUB_200_2011/images/068.Ruby_throated_Hummingbird/Ruby_Throated_Hummingbird_0123_57745.jpg 67
CUB_200_2011/images/068.Ruby_throated_Hummingbird/Ruby_Throated_Hummingbird_0052_57432.jpg 67
CUB_200_2011/images/069.Rufous_Hummingbird/Rufous_Hummingbird_0075_59619.jpg 68
CUB_200_2011/images/069.Rufous_Hummingbird/Rufous_Hummingbird_0027_59456.jpg 68
CUB_200_2011/images/069.Rufous_Hummingbird/Rufous_Hummingbird_0043_58652.jpg 68
CUB_200_2011/images/069.Rufous_Hummingbird/Rufous_Hummingbird_0077_59452.jpg 68
CUB_200_2011/images/070.Green_Violetear/Green_Violetear_0031_60774.jpg 69
CUB_200_2011/images/070.Green_Violetear/Green_Violetear_0078_60844.jpg 69
CUB_200_2011/images/070.Green_Violetear/Green_Violetear_0069_795723.jpg 69
CUB_200_2011/images/070.Green_Violetear/Green_Violetear_0044_795717.jpg 69
CUB_200_2011/images/071.Long_tailed_Jaeger/Long_Tailed_Jaeger_0045_61007.jpg 70
CUB_200_2011/images/071.Long_tailed_Jaeger/Long_Tailed_Jaeger_0022_797074.jpg 70
CUB_200_2011/images/071.Long_tailed_Jaeger/Long_Tailed_Jaeger_0030_60961.jpg 70
CUB_200_2011/images/071.Long_tailed_Jaeger/Long_Tailed_Jaeger_0048_797087.jpg 70
CUB_200_2011/images/072.Pomarine_Jaeger/Pomarine_Jaeger_0032_795789.jpg 71
CUB_200_2011/images/072.Pomarine_Jaeger/Pomarine_Jaeger_0046_61301.jpg 71
CUB_200_2011/images/072.Pomarine_Jaeger/Pomarine_Jaeger_0006_795775.jpg 71
CUB_200_2011/images/072.Pomarine_Jaeger/Pomarine_Jaeger_0009_795740.jpg 71
CUB_200_2011/images/073.Blue_Jay/Blue_Jay_0062_62585.jpg 72
CUB_200_2011/images/073.Blue_Jay/Blue_Jay_0081_61714.jpg 72
CUB_200_2011/images/073.Blue_Jay/Blue_Jay_0050_62974.jpg 72
CUB_200_2011/images/073.Blue_Jay/Blue_Jay_0053_62744.jpg 72
CUB_200_2011/images/074.Florida_Jay/Florida_Jay_0058_64997.jpg 73
CUB_200_2011/images/074.Florida_Jay/Florida_Jay_0078_64692.jpg 73
CUB_200_2011/images/074.Florida_Jay/Florida_Jay_0002_64476.jpg 73
CUB_200_2011/images/074.Florida_Jay/Florida_Jay_0052_64633.jpg 73
CUB_200_2011/images/075.Green_Jay/Green_Jay_0074_65889.jpg 74
CUB_200_2011/images/075.Green_Jay/Green_Jay_0066_65902.jpg 74
CUB_200_2011/images/075.Green_Jay/Green_Jay_0038_65702.jpg 74
CUB_200_2011/images/075.Green_Jay/Green_Jay_0014_65825.jpg 74
CUB_200_2011/images/076.Dark_eyed_Junco/Dark_Eyed_Junco_0063_67688.jpg 75
CUB_200_2011/images/076.Dark_eyed_Junco/Dark_Eyed_Junco_0005_68813.jpg 75
CUB_200_2011/images/076.Dark_eyed_Junco/Dark_Eyed_Junco_0086_66437.jpg 75
CUB_200_2011/images/076.Dark_eyed_Junco/Dark_Eyed_Junco_0015_66576.jpg 75
CUB_200_2011/images/077.Tropical_Kingbird/Tropical_Kingbird_0087_69592.jpg 76
CUB_200_2011/images/077.Tropical_Kingbird/Tropical_Kingbird_0097_69436.jpg 76
CUB_200_2011/images/077.Tropical_Kingbird/Tropical_Kingbird_0057_69283.jpg 76
CUB_200_2011/images/077.Tropical_Kingbird/Tropical_Kingbird_0036_69939.jpg 76
CUB_200_2011/images/078.Gray_Kingbird/Gray_Kingbird_0032_70111.jpg 77
CUB_200_2011/images/078.Gray_Kingbird/Gray_Kingbird_0023_795035.jpg 77
CUB_200_2011/images/078.Gray_Kingbird/Gray_Kingbird_0014_70227.jpg 77
CUB_200_2011/images/078.Gray_Kingbird/Gray_Kingbird_0060_795021.jpg 77
CUB_200_2011/images/079.Belted_Kingfisher/Belted_Kingfisher_0108_70554.jpg 78
CUB_200_2011/images/079.Belted_Kingfisher/Belted_Kingfisher_0104_70596.jpg 78
CUB_200_2011/images/079.Belted_Kingfisher/Belted_Kingfisher_0077_70620.jpg 78
CUB_200_2011/images/079.Belted_Kingfisher/Belted_Kingfisher_0054_70424.jpg 78
CUB_200_2011/images/080.Green_Kingfisher/Green_Kingfisher_0010_71191.jpg 79
CUB_200_2011/images/080.Green_Kingfisher/Green_Kingfisher_0091_71248.jpg 79
CUB_200_2011/images/080.Green_Kingfisher/Green_Kingfisher_0021_71009.jpg 79
CUB_200_2011/images/080.Green_Kingfisher/Green_Kingfisher_0058_70998.jpg 79
CUB_200_2011/images/081.Pied_Kingfisher/Pied_Kingfisher_0004_72135.jpg 80
CUB_200_2011/images/081.Pied_Kingfisher/Pied_Kingfisher_0045_71143.jpg 80
CUB_200_2011/images/081.Pied_Kingfisher/Pied_Kingfisher_0117_71947.jpg 80
CUB_200_2011/images/081.Pied_Kingfisher/Pied_Kingfisher_0027_71434.jpg 80
CUB_200_2011/images/082.Ringed_Kingfisher/Ringed_Kingfisher_0023_72910.jpg 81
CUB_200_2011/images/082.Ringed_Kingfisher/Ringed_Kingfisher_0009_72786.jpg 81
CUB_200_2011/images/082.Ringed_Kingfisher/Ringed_Kingfisher_0001_73048.jpg 81
CUB_200_2011/images/082.Ringed_Kingfisher/Ringed_Kingfisher_0029_73165.jpg 81
CUB_200_2011/images/083.White_breasted_Kingfisher/White_Breasted_Kingfisher_0121_73258.jpg 82
CUB_200_2011/images/083.White_breasted_Kingfisher/White_Breasted_Kingfisher_0089_73371.jpg 82
CUB_200_2011/images/083.White_breasted_Kingfisher/White_Breasted_Kingfisher_0015_73192.jpg 82
CUB_200_2011/images/083.White_breasted_Kingfisher/White_Breasted_Kingfisher_0040_73266.jpg 82
CUB_200_2011/images/084.Red_legged_Kittiwake/Red_Legged_Kittiwake_0017_795451.jpg 83
CUB_200_2011/images/084.Red_legged_Kittiwake/Red_Legged_Kittiwake_0043_795416.jpg 83
CUB_200_2011/images/084.Red_legged_Kittiwake/Red_Legged_Kittiwake_0063_795453.jpg 83
CUB_200_2011/images/084.Red_legged_Kittiwake/Red_Legged_Kittiwake_0003_795389.jpg 83
CUB_200_2011/images/085.Horned_Lark/Horned_Lark_0026_74910.jpg 84
CUB_200_2011/images/085.Horned_Lark/Horned_Lark_0010_75291.jpg 84
CUB_200_2011/images/085.Horned_Lark/Horned_Lark_0113_74613.jpg 84
CUB_200_2011/images/085.Horned_Lark/Horned_Lark_0097_74496.jpg 84
CUB_200_2011/images/086.Pacific_Loon/Pacific_Loon_0064_75532.jpg 85
CUB_200_2011/images/086.Pacific_Loon/Pacific_Loon_0037_75800.jpg 85
CUB_200_2011/images/086.Pacific_Loon/Pacific_Loon_0012_75736.jpg 85
CUB_200_2011/images/086.Pacific_Loon/Pacific_Loon_0006_75386.jpg 85
CUB_200_2011/images/087.Mallard/Mallard_0052_76946.jpg 86
CUB_200_2011/images/087.Mallard/Mallard_0087_77499.jpg 86
CUB_200_2011/images/087.Mallard/Mallard_0138_76735.jpg 86
CUB_200_2011/images/087.Mallard/Mallard_0115_76840.jpg 86
CUB_200_2011/images/088.Western_Meadowlark/Western_Meadowlark_0063_77946.jpg 87
CUB_200_2011/images/088.Western_Meadowlark/Western_Meadowlark_0032_78633.jpg 87
CUB_200_2011/images/088.Western_Meadowlark/Western_Meadowlark_0067_78529.jpg 87
CUB_200_2011/images/088.Western_Meadowlark/Western_Meadowlark_0060_78368.jpg 87
CUB_200_2011/images/089.Hooded_Merganser/Hooded_Merganser_0016_79079.jpg 88
CUB_200_2011/images/089.Hooded_Merganser/Hooded_Merganser_0073_796726.jpg 88
CUB_200_2011/images/089.Hooded_Merganser/Hooded_Merganser_0026_796782.jpg 88
CUB_200_2011/images/089.Hooded_Merganser/Hooded_Merganser_0092_78989.jpg 88
CUB_200_2011/images/090.Red_breasted_Merganser/Red_Breasted_Merganser_0030_79411.jpg 89
CUB_200_2011/images/090.Red_breasted_Merganser/Red_Breasted_Merganser_0027_79284.jpg 89
CUB_200_2011/images/090.Red_breasted_Merganser/Red_Breasted_Merganser_0064_79563.jpg 89
CUB_200_2011/images/090.Red_breasted_Merganser/Red_Breasted_Merganser_0004_79232.jpg 89
CUB_200_2011/images/091.Mockingbird/Mockingbird_0001_79812.jpg 90
CUB_200_2011/images/091.Mockingbird/Mockingbird_0094_80232.jpg 90
CUB_200_2011/images/091.Mockingbird/Mockingbird_0103_79659.jpg 90
CUB_200_2011/images/091.Mockingbird/Mockingbird_0096_79878.jpg 90
CUB_200_2011/images/092.Nighthawk/Nighthawk_0027_84697.jpg 91
CUB_200_2011/images/092.Nighthawk/Nighthawk_0054_795337.jpg 91
CUB_200_2011/images/092.Nighthawk/Nighthawk_0029_83733.jpg 91
CUB_200_2011/images/092.Nighthawk/Nighthawk_0076_82686.jpg 91
CUB_200_2011/images/093.Clark_Nutcracker/Clark_Nutcracker_0107_85662.jpg 92
CUB_200_2011/images/093.Clark_Nutcracker/Clark_Nutcracker_0060_84862.jpg 92
CUB_200_2011/images/093.Clark_Nutcracker/Clark_Nutcracker_0096_84996.jpg 92
CUB_200_2011/images/093.Clark_Nutcracker/Clark_Nutcracker_0083_85480.jpg 92
CUB_200_2011/images/094.White_breasted_Nuthatch/White_Breasted_Nuthatch_0108_86308.jpg 93
CUB_200_2011/images/094.White_breasted_Nuthatch/White_Breasted_Nuthatch_0055_86075.jpg 93
CUB_200_2011/images/094.White_breasted_Nuthatch/White_Breasted_Nuthatch_0101_86708.jpg 93
CUB_200_2011/images/094.White_breasted_Nuthatch/White_Breasted_Nuthatch_0024_86200.jpg 93
CUB_200_2011/images/095.Baltimore_Oriole/Baltimore_Oriole_0021_87089.jpg 94
CUB_200_2011/images/095.Baltimore_Oriole/Baltimore_Oriole_0100_89908.jpg 94
CUB_200_2011/images/095.Baltimore_Oriole/Baltimore_Oriole_0056_88355.jpg 94
CUB_200_2011/images/095.Baltimore_Oriole/Baltimore_Oriole_0084_89684.jpg 94
CUB_200_2011/images/096.Hooded_Oriole/Hooded_Oriole_0082_90045.jpg 95
CUB_200_2011/images/096.Hooded_Oriole/Hooded_Oriole_0002_91034.jpg 95
CUB_200_2011/images/096.Hooded_Oriole/Hooded_Oriole_0067_90416.jpg 95
CUB_200_2011/images/096.Hooded_Oriole/Hooded_Oriole_0004_91057.jpg 95
CUB_200_2011/images/097.Orchard_Oriole/Orchard_Oriole_0006_91724.jpg 96
CUB_200_2011/images/097.Orchard_Oriole/Orchard_Oriole_0039_91267.jpg 96
CUB_200_2011/images/097.Orchard_Oriole/Orchard_Oriole_0116_91645.jpg 96
CUB_200_2011/images/097.Orchard_Oriole/Orchard_Oriole_0060_91536.jpg 96
CUB_200_2011/images/098.Scott_Oriole/Scott_Oriole_0007_92439.jpg 97
CUB_200_2011/images/098.Scott_Oriole/Scott_Oriole_0024_92302.jpg 97
CUB_200_2011/images/098.Scott_Oriole/Scott_Oriole_0040_795839.jpg 97
CUB_200_2011/images/098.Scott_Oriole/Scott_Oriole_0036_795850.jpg 97
CUB_200_2011/images/099.Ovenbird/Ovenbird_0122_92993.jpg 98
CUB_200_2011/images/099.Ovenbird/Ovenbird_0079_92610.jpg 98
CUB_200_2011/images/099.Ovenbird/Ovenbird_0011_92451.jpg 98
CUB_200_2011/images/099.Ovenbird/Ovenbird_0096_93131.jpg 98
CUB_200_2011/images/100.Brown_Pelican/Brown_Pelican_0036_93843.jpg 99
CUB_200_2011/images/100.Brown_Pelican/Brown_Pelican_0121_94067.jpg 99
CUB_200_2011/images/100.Brown_Pelican/Brown_Pelican_0111_93872.jpg 99
CUB_200_2011/images/100.Brown_Pelican/Brown_Pelican_0056_95229.jpg 99
CUB_200_2011/images/101.White_Pelican/White_Pelican_0068_95635.jpg 100
CUB_200_2011/images/101.White_Pelican/White_Pelican_0009_97340.jpg 100
CUB_200_2011/images/101.White_Pelican/White_Pelican_0084_95877.jpg 100
CUB_200_2011/images/101.White_Pelican/White_Pelican_0012_97261.jpg 100
CUB_200_2011/images/102.Western_Wood_Pewee/Western_Wood_Pewee_0039_795063.jpg 101
CUB_200_2011/images/102.Western_Wood_Pewee/Western_Wood_Pewee_0056_98026.jpg 101
CUB_200_2011/images/102.Western_Wood_Pewee/Western_Wood_Pewee_0070_98225.jpg 101
CUB_200_2011/images/102.Western_Wood_Pewee/Western_Wood_Pewee_0001_98045.jpg 101
CUB_200_2011/images/103.Sayornis/Sayornis_0036_98323.jpg 102
CUB_200_2011/images/103.Sayornis/Sayornis_0019_98636.jpg 102
CUB_200_2011/images/103.Sayornis/Sayornis_0079_98434.jpg 102
CUB_200_2011/images/103.Sayornis/Sayornis_0105_98853.jpg 102
CUB_200_2011/images/104.American_Pipit/American_Pipit_0101_100053.jpg 103
CUB_200_2011/images/104.American_Pipit/American_Pipit_0104_100147.jpg 103
CUB_200_2011/images/104.American_Pipit/American_Pipit_0123_99929.jpg 103
CUB_200_2011/images/104.American_Pipit/American_Pipit_0015_99932.jpg 103
CUB_200_2011/images/105.Whip_poor_Will/Whip_Poor_Will_0019_796433.jpg 104
CUB_200_2011/images/105.Whip_poor_Will/Whip_Poor_Will_0009_796423.jpg 104
CUB_200_2011/images/105.Whip_poor_Will/Whip_Poor_Will_0035_796430.jpg 104
CUB_200_2011/images/105.Whip_poor_Will/Whip_Poor_Will_0028_796421.jpg 104
CUB_200_2011/images/106.Horned_Puffin/Horned_Puffin_0025_100942.jpg 105
CUB_200_2011/images/106.Horned_Puffin/Horned_Puffin_0055_100882.jpg 105
CUB_200_2011/images/106.Horned_Puffin/Horned_Puffin_0029_100888.jpg 105
CUB_200_2011/images/106.Horned_Puffin/Horned_Puffin_0072_100938.jpg 105
CUB_200_2011/images/107.Common_Raven/Common_Raven_0060_102013.jpg 106
CUB_200_2011/images/107.Common_Raven/Common_Raven_0033_101759.jpg 106
CUB_200_2011/images/107.Common_Raven/Common_Raven_0107_101412.jpg 106
CUB_200_2011/images/107.Common_Raven/Common_Raven_0036_102025.jpg 106
CUB_200_2011/images/108.White_necked_Raven/White_Necked_Raven_0055_797352.jpg 107
CUB_200_2011/images/108.White_necked_Raven/White_Necked_Raven_0049_102713.jpg 107
CUB_200_2011/images/108.White_necked_Raven/White_Necked_Raven_0041_797394.jpg 107
CUB_200_2011/images/108.White_necked_Raven/White_Necked_Raven_0057_797358.jpg 107
CUB_200_2011/images/109.American_Redstart/American_Redstart_0054_103543.jpg 108
CUB_200_2011/images/109.American_Redstart/American_Redstart_0036_103231.jpg 108
CUB_200_2011/images/109.American_Redstart/American_Redstart_0047_102860.jpg 108
CUB_200_2011/images/109.American_Redstart/American_Redstart_0055_103750.jpg 108
CUB_200_2011/images/110.Geococcyx/Geococcyx_0056_104142.jpg 109
CUB_200_2011/images/110.Geococcyx/Geococcyx_0124_104141.jpg 109
CUB_200_2011/images/110.Geococcyx/Geococcyx_0028_104751.jpg 109
CUB_200_2011/images/110.Geococcyx/Geococcyx_0020_104164.jpg 109
CUB_200_2011/images/111.Loggerhead_Shrike/Loggerhead_Shrike_0108_105023.jpg 110
CUB_200_2011/images/111.Loggerhead_Shrike/Loggerhead_Shrike_0025_104828.jpg 110
CUB_200_2011/images/111.Loggerhead_Shrike/Loggerhead_Shrike_0065_104856.jpg 110
CUB_200_2011/images/111.Loggerhead_Shrike/Loggerhead_Shrike_0115_105575.jpg 110
CUB_200_2011/images/112.Great_Grey_Shrike/Great_Grey_Shrike_0092_797048.jpg 111
CUB_200_2011/images/112.Great_Grey_Shrike/Great_Grey_Shrike_0091_797054.jpg 111
CUB_200_2011/images/112.Great_Grey_Shrike/Great_Grey_Shrike_0011_106852.jpg 111
CUB_200_2011/images/112.Great_Grey_Shrike/Great_Grey_Shrike_0015_797031.jpg 111
CUB_200_2011/images/113.Baird_Sparrow/Baird_Sparrow_0018_794584.jpg 112
CUB_200_2011/images/113.Baird_Sparrow/Baird_Sparrow_0003_794558.jpg 112
CUB_200_2011/images/113.Baird_Sparrow/Baird_Sparrow_0010_794575.jpg 112
CUB_200_2011/images/113.Baird_Sparrow/Baird_Sparrow_0040_794581.jpg 112
CUB_200_2011/images/114.Black_throated_Sparrow/Black_Throated_Sparrow_0013_107005.jpg 113
CUB_200_2011/images/114.Black_throated_Sparrow/Black_Throated_Sparrow_0008_107000.jpg 113
CUB_200_2011/images/114.Black_throated_Sparrow/Black_Throated_Sparrow_0068_106960.jpg 113
CUB_200_2011/images/114.Black_throated_Sparrow/Black_Throated_Sparrow_0084_107066.jpg 113
CUB_200_2011/images/115.Brewer_Sparrow/Brewer_Sparrow_0003_107459.jpg 114
CUB_200_2011/images/115.Brewer_Sparrow/Brewer_Sparrow_0039_107431.jpg 114
CUB_200_2011/images/115.Brewer_Sparrow/Brewer_Sparrow_0035_107509.jpg 114
CUB_200_2011/images/115.Brewer_Sparrow/Brewer_Sparrow_0058_796701.jpg 114
CUB_200_2011/images/116.Chipping_Sparrow/Chipping_Sparrow_0085_109506.jpg 115
CUB_200_2011/images/116.Chipping_Sparrow/Chipping_Sparrow_0079_110449.jpg 115
CUB_200_2011/images/116.Chipping_Sparrow/Chipping_Sparrow_0053_109774.jpg 115
CUB_200_2011/images/116.Chipping_Sparrow/Chipping_Sparrow_0023_108684.jpg 115
CUB_200_2011/images/117.Clay_colored_Sparrow/Clay_Colored_Sparrow_0098_110735.jpg 116
CUB_200_2011/images/117.Clay_colored_Sparrow/Clay_Colored_Sparrow_0048_110653.jpg 116
CUB_200_2011/images/117.Clay_colored_Sparrow/Clay_Colored_Sparrow_0073_110718.jpg 116
CUB_200_2011/images/117.Clay_colored_Sparrow/Clay_Colored_Sparrow_0066_110819.jpg 116
CUB_200_2011/images/118.House_Sparrow/House_Sparrow_0025_111669.jpg 117
CUB_200_2011/images/118.House_Sparrow/House_Sparrow_0126_110959.jpg 117
CUB_200_2011/images/118.House_Sparrow/House_Sparrow_0053_111388.jpg 117
CUB_200_2011/images/118.House_Sparrow/House_Sparrow_0008_111204.jpg 117
CUB_200_2011/images/119.Field_Sparrow/Field_Sparrow_0027_113353.jpg 118
CUB_200_2011/images/119.Field_Sparrow/Field_Sparrow_0011_113420.jpg 118
CUB_200_2011/images/119.Field_Sparrow/Field_Sparrow_0102_113595.jpg 118
CUB_200_2011/images/119.Field_Sparrow/Field_Sparrow_0106_113350.jpg 118
CUB_200_2011/images/120.Fox_Sparrow/Fox_Sparrow_0106_114720.jpg 119
CUB_200_2011/images/120.Fox_Sparrow/Fox_Sparrow_0136_115278.jpg 119
CUB_200_2011/images/120.Fox_Sparrow/Fox_Sparrow_0013_114344.jpg 119
CUB_200_2011/images/120.Fox_Sparrow/Fox_Sparrow_0123_114488.jpg 119
CUB_200_2011/images/121.Grasshopper_Sparrow/Grasshopper_Sparrow_0018_116056.jpg 120
CUB_200_2011/images/121.Grasshopper_Sparrow/Grasshopper_Sparrow_0117_115983.jpg 120
CUB_200_2011/images/121.Grasshopper_Sparrow/Grasshopper_Sparrow_0003_115676.jpg 120
CUB_200_2011/images/121.Grasshopper_Sparrow/Grasshopper_Sparrow_0107_116286.jpg 120
CUB_200_2011/images/122.Harris_Sparrow/Harris_Sparrow_0024_116480.jpg 121
CUB_200_2011/images/122.Harris_Sparrow/Harris_Sparrow_0006_116364.jpg 121
CUB_200_2011/images/122.Harris_Sparrow/Harris_Sparrow_0075_116404.jpg 121
CUB_200_2011/images/122.Harris_Sparrow/Harris_Sparrow_0048_116405.jpg 121
CUB_200_2011/images/123.Henslow_Sparrow/Henslow_Sparrow_0108_796592.jpg 122
CUB_200_2011/images/123.Henslow_Sparrow/Henslow_Sparrow_0042_796595.jpg 122
CUB_200_2011/images/123.Henslow_Sparrow/Henslow_Sparrow_0084_796587.jpg 122
CUB_200_2011/images/123.Henslow_Sparrow/Henslow_Sparrow_0059_796569.jpg 122
CUB_200_2011/images/124.Le_Conte_Sparrow/Le_Conte_Sparrow_0099_795182.jpg 123
CUB_200_2011/images/124.Le_Conte_Sparrow/Le_Conte_Sparrow_0060_795160.jpg 123
CUB_200_2011/images/124.Le_Conte_Sparrow/Le_Conte_Sparrow_0088_117040.jpg 123
CUB_200_2011/images/124.Le_Conte_Sparrow/Le_Conte_Sparrow_0034_795150.jpg 123
CUB_200_2011/images/125.Lincoln_Sparrow/Lincoln_Sparrow_0099_117482.jpg 124
CUB_200_2011/images/125.Lincoln_Sparrow/Lincoln_Sparrow_0050_117744.jpg 124
CUB_200_2011/images/125.Lincoln_Sparrow/Lincoln_Sparrow_0110_117264.jpg 124
CUB_200_2011/images/125.Lincoln_Sparrow/Lincoln_Sparrow_0069_117812.jpg 124
CUB_200_2011/images/126.Nelson_Sharp_tailed_Sparrow/Nelson_Sharp_Tailed_Sparrow_0054_796936.jpg 125
CUB_200_2011/images/126.Nelson_Sharp_tailed_Sparrow/Nelson_Sharp_Tailed_Sparrow_0047_117991.jpg 125
CUB_200_2011/images/126.Nelson_Sharp_tailed_Sparrow/Nelson_Sharp_Tailed_Sparrow_0018_118011.jpg 125
CUB_200_2011/images/126.Nelson_Sharp_tailed_Sparrow/Nelson_Sharp_Tailed_Sparrow_0045_118004.jpg 125
CUB_200_2011/images/127.Savannah_Sparrow/Savannah_Sparrow_0001_118956.jpg 126
CUB_200_2011/images/127.Savannah_Sparrow/Savannah_Sparrow_0022_118989.jpg 126
CUB_200_2011/images/127.Savannah_Sparrow/Savannah_Sparrow_0005_119735.jpg 126
CUB_200_2011/images/127.Savannah_Sparrow/Savannah_Sparrow_0057_120016.jpg 126
CUB_200_2011/images/128.Seaside_Sparrow/Seaside_Sparrow_0028_120766.jpg 127
CUB_200_2011/images/128.Seaside_Sparrow/Seaside_Sparrow_0022_120721.jpg 127
CUB_200_2011/images/128.Seaside_Sparrow/Seaside_Sparrow_0002_796536.jpg 127
CUB_200_2011/images/128.Seaside_Sparrow/Seaside_Sparrow_0013_796535.jpg 127
CUB_200_2011/images/129.Song_Sparrow/Song_Sparrow_0037_121078.jpg 128
CUB_200_2011/images/129.Song_Sparrow/Song_Sparrow_0132_121153.jpg 128
CUB_200_2011/images/129.Song_Sparrow/Song_Sparrow_0010_121331.jpg 128
CUB_200_2011/images/129.Song_Sparrow/Song_Sparrow_0029_120989.jpg 128
CUB_200_2011/images/130.Tree_Sparrow/Tree_Sparrow_0090_110145.jpg 129
CUB_200_2011/images/130.Tree_Sparrow/Tree_Sparrow_0094_124974.jpg 129
CUB_200_2011/images/130.Tree_Sparrow/Tree_Sparrow_0052_123869.jpg 129
CUB_200_2011/images/130.Tree_Sparrow/Tree_Sparrow_0121_124296.jpg 129
CUB_200_2011/images/131.Vesper_Sparrow/Vesper_Sparrow_0032_125564.jpg 130
CUB_200_2011/images/131.Vesper_Sparrow/Vesper_Sparrow_0058_125661.jpg 130
CUB_200_2011/images/131.Vesper_Sparrow/Vesper_Sparrow_0033_125568.jpg 130
CUB_200_2011/images/131.Vesper_Sparrow/Vesper_Sparrow_0044_125470.jpg 130
CUB_200_2011/images/132.White_crowned_Sparrow/White_Crowned_Sparrow_0107_128662.jpg 131
CUB_200_2011/images/132.White_crowned_Sparrow/White_Crowned_Sparrow_0089_127778.jpg 131
CUB_200_2011/images/132.White_crowned_Sparrow/White_Crowned_Sparrow_0042_128395.jpg 131
CUB_200_2011/images/132.White_crowned_Sparrow/White_Crowned_Sparrow_0129_127860.jpg 131
CUB_200_2011/images/133.White_throated_Sparrow/White_Throated_Sparrow_0017_128982.jpg 132
CUB_200_2011/images/133.White_throated_Sparrow/White_Throated_Sparrow_0043_128818.jpg 132
CUB_200_2011/images/133.White_throated_Sparrow/White_Throated_Sparrow_0072_129203.jpg 132
CUB_200_2011/images/133.White_throated_Sparrow/White_Throated_Sparrow_0016_129158.jpg 132
CUB_200_2011/images/134.Cape_Glossy_Starling/Cape_Glossy_Starling_0070_129322.jpg 133
CUB_200_2011/images/134.Cape_Glossy_Starling/Cape_Glossy_Starling_0082_129216.jpg 133
CUB_200_2011/images/134.Cape_Glossy_Starling/Cape_Glossy_Starling_0076_129377.jpg 133
CUB_200_2011/images/134.Cape_Glossy_Starling/Cape_Glossy_Starling_0059_129357.jpg 133
CUB_200_2011/images/135.Bank_Swallow/Bank_Swallow_0007_129514.jpg 134
CUB_200_2011/images/135.Bank_Swallow/Bank_Swallow_0047_129520.jpg 134
CUB_200_2011/images/135.Bank_Swallow/Bank_Swallow_0032_129491.jpg 134
CUB_200_2011/images/135.Bank_Swallow/Bank_Swallow_0018_129891.jpg 134
CUB_200_2011/images/136.Barn_Swallow/Barn_Swallow_0072_130474.jpg 135
CUB_200_2011/images/136.Barn_Swallow/Barn_Swallow_0045_130244.jpg 135
CUB_200_2011/images/136.Barn_Swallow/Barn_Swallow_0048_132793.jpg 135
CUB_200_2011/images/136.Barn_Swallow/Barn_Swallow_0084_130800.jpg 135
CUB_200_2011/images/137.Cliff_Swallow/Cliff_Swallow_0023_134314.jpg 136
CUB_200_2011/images/137.Cliff_Swallow/Cliff_Swallow_0050_134054.jpg 136
CUB_200_2011/images/137.Cliff_Swallow/Cliff_Swallow_0027_133203.jpg 136
CUB_200_2011/images/137.Cliff_Swallow/Cliff_Swallow_0075_134516.jpg 136
CUB_200_2011/images/138.Tree_Swallow/Tree_Swallow_0015_134790.jpg 137
CUB_200_2011/images/138.Tree_Swallow/Tree_Swallow_0019_137073.jpg 137
CUB_200_2011/images/138.Tree_Swallow/Tree_Swallow_0092_136236.jpg 137
CUB_200_2011/images/138.Tree_Swallow/Tree_Swallow_0105_134648.jpg 137
CUB_200_2011/images/139.Scarlet_Tanager/Scarlet_Tanager_0068_137758.jpg 138
CUB_200_2011/images/139.Scarlet_Tanager/Scarlet_Tanager_0135_137699.jpg 138
CUB_200_2011/images/139.Scarlet_Tanager/Scarlet_Tanager_0014_138298.jpg 138
CUB_200_2011/images/139.Scarlet_Tanager/Scarlet_Tanager_0097_137717.jpg 138
CUB_200_2011/images/140.Summer_Tanager/Summer_Tanager_0127_139297.jpg 139
CUB_200_2011/images/140.Summer_Tanager/Summer_Tanager_0068_139875.jpg 139
CUB_200_2011/images/140.Summer_Tanager/Summer_Tanager_0013_140828.jpg 139
CUB_200_2011/images/140.Summer_Tanager/Summer_Tanager_0088_139473.jpg 139
CUB_200_2011/images/141.Artic_Tern/Artic_Tern_0085_142083.jpg 140
CUB_200_2011/images/141.Artic_Tern/Artic_Tern_0142_142078.jpg 140
CUB_200_2011/images/141.Artic_Tern/Artic_Tern_0111_143101.jpg 140
CUB_200_2011/images/141.Artic_Tern/Artic_Tern_0047_143549.jpg 140
CUB_200_2011/images/142.Black_Tern/Black_Tern_0064_143990.jpg 141
CUB_200_2011/images/142.Black_Tern/Black_Tern_0033_144328.jpg 141
CUB_200_2011/images/142.Black_Tern/Black_Tern_0048_144001.jpg 141
CUB_200_2011/images/142.Black_Tern/Black_Tern_0099_144242.jpg 141
CUB_200_2011/images/143.Caspian_Tern/Caspian_Tern_0018_146010.jpg 142
CUB_200_2011/images/143.Caspian_Tern/Caspian_Tern_0101_145164.jpg 142
CUB_200_2011/images/143.Caspian_Tern/Caspian_Tern_0006_145594.jpg 142
CUB_200_2011/images/143.Caspian_Tern/Caspian_Tern_0015_145664.jpg 142
CUB_200_2011/images/144.Common_Tern/Common_Tern_0097_148874.jpg 143
CUB_200_2011/images/144.Common_Tern/Common_Tern_0075_148528.jpg 143
CUB_200_2011/images/144.Common_Tern/Common_Tern_0051_150469.jpg 143
CUB_200_2011/images/144.Common_Tern/Common_Tern_0037_148048.jpg 143
CUB_200_2011/images/145.Elegant_Tern/Elegant_Tern_0074_151036.jpg 144
CUB_200_2011/images/145.Elegant_Tern/Elegant_Tern_0053_150507.jpg 144
CUB_200_2011/images/145.Elegant_Tern/Elegant_Tern_0070_147548.jpg 144
CUB_200_2011/images/145.Elegant_Tern/Elegant_Tern_0029_150494.jpg 144
CUB_200_2011/images/146.Forsters_Tern/Forsters_Tern_0068_152078.jpg 145
CUB_200_2011/images/146.Forsters_Tern/Forsters_Tern_0077_152255.jpg 145
CUB_200_2011/images/146.Forsters_Tern/Forsters_Tern_0098_151258.jpg 145
CUB_200_2011/images/146.Forsters_Tern/Forsters_Tern_0041_149586.jpg 145
CUB_200_2011/images/147.Least_Tern/Least_Tern_0052_154021.jpg 146
CUB_200_2011/images/147.Least_Tern/Least_Tern_0021_153979.jpg 146
CUB_200_2011/images/147.Least_Tern/Least_Tern_0067_154145.jpg 146
CUB_200_2011/images/147.Least_Tern/Least_Tern_0016_153560.jpg 146
CUB_200_2011/images/148.Green_tailed_Towhee/Green_Tailed_Towhee_0071_154870.jpg 147
CUB_200_2011/images/148.Green_tailed_Towhee/Green_Tailed_Towhee_0004_154951.jpg 147
CUB_200_2011/images/148.Green_tailed_Towhee/Green_Tailed_Towhee_0024_154855.jpg 147
CUB_200_2011/images/148.Green_tailed_Towhee/Green_Tailed_Towhee_0074_154915.jpg 147
CUB_200_2011/images/149.Brown_Thrasher/Brown_Thrasher_0121_155320.jpg 148
CUB_200_2011/images/149.Brown_Thrasher/Brown_Thrasher_0063_155127.jpg 148
CUB_200_2011/images/149.Brown_Thrasher/Brown_Thrasher_0113_155111.jpg 148
CUB_200_2011/images/149.Brown_Thrasher/Brown_Thrasher_0105_155187.jpg 148
CUB_200_2011/images/150.Sage_Thrasher/Sage_Thrasher_0096_155449.jpg 149
CUB_200_2011/images/150.Sage_Thrasher/Sage_Thrasher_0092_155482.jpg 149
CUB_200_2011/images/150.Sage_Thrasher/Sage_Thrasher_0070_155732.jpg 149
CUB_200_2011/images/150.Sage_Thrasher/Sage_Thrasher_0056_796457.jpg 149
CUB_200_2011/images/151.Black_capped_Vireo/Black_Capped_Vireo_0006_797491.jpg 150
CUB_200_2011/images/151.Black_capped_Vireo/Black_Capped_Vireo_0009_797493.jpg 150
CUB_200_2011/images/151.Black_capped_Vireo/Black_Capped_Vireo_0003_797467.jpg 150
CUB_200_2011/images/151.Black_capped_Vireo/Black_Capped_Vireo_0033_797474.jpg 150
CUB_200_2011/images/152.Blue_headed_Vireo/Blue_Headed_Vireo_0060_156171.jpg 151
CUB_200_2011/images/152.Blue_headed_Vireo/Blue_Headed_Vireo_0076_156209.jpg 151
CUB_200_2011/images/152.Blue_headed_Vireo/Blue_Headed_Vireo_0022_156184.jpg 151
CUB_200_2011/images/152.Blue_headed_Vireo/Blue_Headed_Vireo_0097_156272.jpg 151
CUB_200_2011/images/153.Philadelphia_Vireo/Philadelphia_Vireo_0063_794781.jpg 152
CUB_200_2011/images/153.Philadelphia_Vireo/Philadelphia_Vireo_0084_794790.jpg 152
CUB_200_2011/images/153.Philadelphia_Vireo/Philadelphia_Vireo_0043_794792.jpg 152
CUB_200_2011/images/153.Philadelphia_Vireo/Philadelphia_Vireo_0074_156492.jpg 152
CUB_200_2011/images/154.Red_eyed_Vireo/Red_Eyed_Vireo_0132_156686.jpg 153
CUB_200_2011/images/154.Red_eyed_Vireo/Red_Eyed_Vireo_0106_157102.jpg 153
CUB_200_2011/images/154.Red_eyed_Vireo/Red_Eyed_Vireo_0006_157025.jpg 153
CUB_200_2011/images/154.Red_eyed_Vireo/Red_Eyed_Vireo_0045_157252.jpg 153
CUB_200_2011/images/155.Warbling_Vireo/Warbling_Vireo_0075_158480.jpg 154
CUB_200_2011/images/155.Warbling_Vireo/Warbling_Vireo_0022_158144.jpg 154
CUB_200_2011/images/155.Warbling_Vireo/Warbling_Vireo_0047_158250.jpg 154
CUB_200_2011/images/155.Warbling_Vireo/Warbling_Vireo_0119_158819.jpg 154
CUB_200_2011/images/156.White_eyed_Vireo/White_Eyed_Vireo_0064_159286.jpg 155
CUB_200_2011/images/156.White_eyed_Vireo/White_Eyed_Vireo_0040_159101.jpg 155
CUB_200_2011/images/156.White_eyed_Vireo/White_Eyed_Vireo_0012_159495.jpg 155
CUB_200_2011/images/156.White_eyed_Vireo/White_Eyed_Vireo_0024_159193.jpg 155
CUB_200_2011/images/157.Yellow_throated_Vireo/Yellow_Throated_Vireo_0064_794992.jpg 156
CUB_200_2011/images/157.Yellow_throated_Vireo/Yellow_Throated_Vireo_0013_159531.jpg 156
CUB_200_2011/images/157.Yellow_throated_Vireo/Yellow_Throated_Vireo_0080_794990.jpg 156
CUB_200_2011/images/157.Yellow_throated_Vireo/Yellow_Throated_Vireo_0006_159693.jpg 156
CUB_200_2011/images/158.Bay_breasted_Warbler/Bay_Breasted_Warbler_0025_159957.jpg 157
CUB_200_2011/images/158.Bay_breasted_Warbler/Bay_Breasted_Warbler_0093_159764.jpg 157
CUB_200_2011/images/158.Bay_breasted_Warbler/Bay_Breasted_Warbler_0079_159998.jpg 157
CUB_200_2011/images/158.Bay_breasted_Warbler/Bay_Breasted_Warbler_0081_159963.jpg 157
CUB_200_2011/images/159.Black_and_white_Warbler/Black_And_White_Warbler_0024_160057.jpg 158
CUB_200_2011/images/159.Black_and_white_Warbler/Black_And_White_Warbler_0073_160539.jpg 158
CUB_200_2011/images/159.Black_and_white_Warbler/Black_And_White_Warbler_0098_160808.jpg 158
CUB_200_2011/images/159.Black_and_white_Warbler/Black_And_White_Warbler_0074_160361.jpg 158
CUB_200_2011/images/160.Black_throated_Blue_Warbler/Black_Throated_Blue_Warbler_0101_161510.jpg 159
CUB_200_2011/images/160.Black_throated_Blue_Warbler/Black_Throated_Blue_Warbler_0123_161542.jpg 159
CUB_200_2011/images/160.Black_throated_Blue_Warbler/Black_Throated_Blue_Warbler_0064_161656.jpg 159
CUB_200_2011/images/160.Black_throated_Blue_Warbler/Black_Throated_Blue_Warbler_0037_161707.jpg 159
CUB_200_2011/images/161.Blue_winged_Warbler/Blue_Winged_Warbler_0020_161875.jpg 160
CUB_200_2011/images/161.Blue_winged_Warbler/Blue_Winged_Warbler_0002_161890.jpg 160
CUB_200_2011/images/161.Blue_winged_Warbler/Blue_Winged_Warbler_0065_162030.jpg 160
CUB_200_2011/images/161.Blue_winged_Warbler/Blue_Winged_Warbler_0089_162026.jpg 160
CUB_200_2011/images/162.Canada_Warbler/Canada_Warbler_0008_162416.jpg 161
CUB_200_2011/images/162.Canada_Warbler/Canada_Warbler_0035_162377.jpg 161
CUB_200_2011/images/162.Canada_Warbler/Canada_Warbler_0042_162448.jpg 161
CUB_200_2011/images/162.Canada_Warbler/Canada_Warbler_0076_162393.jpg 161
CUB_200_2011/images/163.Cape_May_Warbler/Cape_May_Warbler_0103_162972.jpg 162
CUB_200_2011/images/163.Cape_May_Warbler/Cape_May_Warbler_0049_162909.jpg 162
CUB_200_2011/images/163.Cape_May_Warbler/Cape_May_Warbler_0044_163055.jpg 162
CUB_200_2011/images/163.Cape_May_Warbler/Cape_May_Warbler_0128_162971.jpg 162
CUB_200_2011/images/164.Cerulean_Warbler/Cerulean_Warbler_0023_797191.jpg 163
CUB_200_2011/images/164.Cerulean_Warbler/Cerulean_Warbler_0055_163524.jpg 163
CUB_200_2011/images/164.Cerulean_Warbler/Cerulean_Warbler_0045_797217.jpg 163
CUB_200_2011/images/164.Cerulean_Warbler/Cerulean_Warbler_0071_163201.jpg 163
CUB_200_2011/images/165.Chestnut_sided_Warbler/Chestnut_Sided_Warbler_0127_163860.jpg 164
CUB_200_2011/images/165.Chestnut_sided_Warbler/Chestnut_Sided_Warbler_0126_164090.jpg 164
CUB_200_2011/images/165.Chestnut_sided_Warbler/Chestnut_Sided_Warbler_0107_164040.jpg 164
CUB_200_2011/images/165.Chestnut_sided_Warbler/Chestnut_Sided_Warbler_0044_163975.jpg 164
CUB_200_2011/images/166.Golden_winged_Warbler/Golden_Winged_Warbler_0066_794803.jpg 165
CUB_200_2011/images/166.Golden_winged_Warbler/Golden_Winged_Warbler_0059_794855.jpg 165
CUB_200_2011/images/166.Golden_winged_Warbler/Golden_Winged_Warbler_0049_164509.jpg 165
CUB_200_2011/images/166.Golden_winged_Warbler/Golden_Winged_Warbler_0042_164437.jpg 165
CUB_200_2011/images/167.Hooded_Warbler/Hooded_Warbler_0051_164892.jpg 166
CUB_200_2011/images/167.Hooded_Warbler/Hooded_Warbler_0017_164911.jpg 166
CUB_200_2011/images/167.Hooded_Warbler/Hooded_Warbler_0122_164635.jpg 166
CUB_200_2011/images/167.Hooded_Warbler/Hooded_Warbler_0007_164633.jpg 166
CUB_200_2011/images/168.Kentucky_Warbler/Kentucky_Warbler_0053_165332.jpg 167
CUB_200_2011/images/168.Kentucky_Warbler/Kentucky_Warbler_0031_165363.jpg 167
CUB_200_2011/images/168.Kentucky_Warbler/Kentucky_Warbler_0003_795892.jpg 167
CUB_200_2011/images/168.Kentucky_Warbler/Kentucky_Warbler_0068_795893.jpg 167
CUB_200_2011/images/169.Magnolia_Warbler/Magnolia_Warbler_0048_165862.jpg 168
CUB_200_2011/images/169.Magnolia_Warbler/Magnolia_Warbler_0123_166389.jpg 168
CUB_200_2011/images/169.Magnolia_Warbler/Magnolia_Warbler_0139_166081.jpg 168
CUB_200_2011/images/169.Magnolia_Warbler/Magnolia_Warbler_0034_166097.jpg 168
CUB_200_2011/images/170.Mourning_Warbler/Mourning_Warbler_0079_166564.jpg 169
CUB_200_2011/images/170.Mourning_Warbler/Mourning_Warbler_0033_166489.jpg 169
CUB_200_2011/images/170.Mourning_Warbler/Mourning_Warbler_0047_795373.jpg 169
CUB_200_2011/images/170.Mourning_Warbler/Mourning_Warbler_0040_795370.jpg 169
CUB_200_2011/images/171.Myrtle_Warbler/Myrtle_Warbler_0063_93378.jpg 170
CUB_200_2011/images/171.Myrtle_Warbler/Myrtle_Warbler_0015_166713.jpg 170
CUB_200_2011/images/171.Myrtle_Warbler/Myrtle_Warbler_0089_166896.jpg 170
CUB_200_2011/images/171.Myrtle_Warbler/Myrtle_Warbler_0097_167001.jpg 170
CUB_200_2011/images/172.Nashville_Warbler/Nashville_Warbler_0018_167191.jpg 171
CUB_200_2011/images/172.Nashville_Warbler/Nashville_Warbler_0005_167103.jpg 171
CUB_200_2011/images/172.Nashville_Warbler/Nashville_Warbler_0081_167234.jpg 171
CUB_200_2011/images/172.Nashville_Warbler/Nashville_Warbler_0013_167326.jpg 171
CUB_200_2011/images/173.Orange_crowned_Warbler/Orange_Crowned_Warbler_0048_167610.jpg 172
CUB_200_2011/images/173.Orange_crowned_Warbler/Orange_Crowned_Warbler_0090_167607.jpg 172
CUB_200_2011/images/173.Orange_crowned_Warbler/Orange_Crowned_Warbler_0055_168600.jpg 172
CUB_200_2011/images/173.Orange_crowned_Warbler/Orange_Crowned_Warbler_0066_167949.jpg 172
CUB_200_2011/images/174.Palm_Warbler/Palm_Warbler_0092_170604.jpg 173
CUB_200_2011/images/174.Palm_Warbler/Palm_Warbler_0047_169354.jpg 173
CUB_200_2011/images/174.Palm_Warbler/Palm_Warbler_0081_169256.jpg 173
CUB_200_2011/images/174.Palm_Warbler/Palm_Warbler_0006_169429.jpg 173
CUB_200_2011/images/175.Pine_Warbler/Pine_Warbler_0007_171523.jpg 174
CUB_200_2011/images/175.Pine_Warbler/Pine_Warbler_0108_170597.jpg 174
CUB_200_2011/images/175.Pine_Warbler/Pine_Warbler_0010_171239.jpg 174
CUB_200_2011/images/175.Pine_Warbler/Pine_Warbler_0095_171588.jpg 174
CUB_200_2011/images/176.Prairie_Warbler/Prairie_Warbler_0106_173071.jpg 175
CUB_200_2011/images/176.Prairie_Warbler/Prairie_Warbler_0073_172771.jpg 175
CUB_200_2011/images/176.Prairie_Warbler/Prairie_Warbler_0025_165306.jpg 175
CUB_200_2011/images/176.Prairie_Warbler/Prairie_Warbler_0028_173123.jpg 175
CUB_200_2011/images/177.Prothonotary_Warbler/Prothonotary_Warbler_0082_173970.jpg 176
CUB_200_2011/images/177.Prothonotary_Warbler/Prothonotary_Warbler_0079_173899.jpg 176
CUB_200_2011/images/177.Prothonotary_Warbler/Prothonotary_Warbler_0022_174138.jpg 176
CUB_200_2011/images/177.Prothonotary_Warbler/Prothonotary_Warbler_0083_173929.jpg 176
CUB_200_2011/images/178.Swainson_Warbler/Swainson_Warbler_0012_174739.jpg 177
CUB_200_2011/images/178.Swainson_Warbler/Swainson_Warbler_0015_794891.jpg 177
CUB_200_2011/images/178.Swainson_Warbler/Swainson_Warbler_0052_794875.jpg 177
CUB_200_2011/images/178.Swainson_Warbler/Swainson_Warbler_0023_174717.jpg 177
CUB_200_2011/images/179.Tennessee_Warbler/Tennessee_Warbler_0089_174764.jpg 178
CUB_200_2011/images/179.Tennessee_Warbler/Tennessee_Warbler_0062_174949.jpg 178
CUB_200_2011/images/179.Tennessee_Warbler/Tennessee_Warbler_0100_175168.jpg 178
CUB_200_2011/images/179.Tennessee_Warbler/Tennessee_Warbler_0075_174763.jpg 178
CUB_200_2011/images/180.Wilson_Warbler/Wilson_Warbler_0050_175573.jpg 179
CUB_200_2011/images/180.Wilson_Warbler/Wilson_Warbler_0100_175726.jpg 179
CUB_200_2011/images/180.Wilson_Warbler/Wilson_Warbler_0127_175637.jpg 179
CUB_200_2011/images/180.Wilson_Warbler/Wilson_Warbler_0034_175443.jpg 179
CUB_200_2011/images/181.Worm_eating_Warbler/Worm_Eating_Warbler_0006_176037.jpg 180
CUB_200_2011/images/181.Worm_eating_Warbler/Worm_Eating_Warbler_0011_795566.jpg 180
CUB_200_2011/images/181.Worm_eating_Warbler/Worm_Eating_Warbler_0060_175969.jpg 180
CUB_200_2011/images/181.Worm_eating_Warbler/Worm_Eating_Warbler_0090_795523.jpg 180
CUB_200_2011/images/182.Yellow_Warbler/Yellow_Warbler_0026_176337.jpg 181
CUB_200_2011/images/182.Yellow_Warbler/Yellow_Warbler_0121_176402.jpg 181
CUB_200_2011/images/182.Yellow_Warbler/Yellow_Warbler_0047_176456.jpg 181
CUB_200_2011/images/182.Yellow_Warbler/Yellow_Warbler_0020_176364.jpg 181
CUB_200_2011/images/183.Northern_Waterthrush/Northern_Waterthrush_0006_176988.jpg 182
CUB_200_2011/images/183.Northern_Waterthrush/Northern_Waterthrush_0051_177120.jpg 182
CUB_200_2011/images/183.Northern_Waterthrush/Northern_Waterthrush_0023_177002.jpg 182
CUB_200_2011/images/183.Northern_Waterthrush/Northern_Waterthrush_0027_177286.jpg 182
CUB_200_2011/images/184.Louisiana_Waterthrush/Louisiana_Waterthrush_0064_177380.jpg 183
CUB_200_2011/images/184.Louisiana_Waterthrush/Louisiana_Waterthrush_0068_177462.jpg 183
CUB_200_2011/images/184.Louisiana_Waterthrush/Louisiana_Waterthrush_0032_177385.jpg 183
CUB_200_2011/images/184.Louisiana_Waterthrush/Louisiana_Waterthrush_0025_177403.jpg 183
CUB_200_2011/images/185.Bohemian_Waxwing/Bohemian_Waxwing_0098_178009.jpg 184
CUB_200_2011/images/185.Bohemian_Waxwing/Bohemian_Waxwing_0040_177914.jpg 184
CUB_200_2011/images/185.Bohemian_Waxwing/Bohemian_Waxwing_0041_177630.jpg 184
CUB_200_2011/images/185.Bohemian_Waxwing/Bohemian_Waxwing_0057_177784.jpg 184
CUB_200_2011/images/186.Cedar_Waxwing/Cedar_Waxwing_0101_179707.jpg 185
CUB_200_2011/images/186.Cedar_Waxwing/Cedar_Waxwing_0107_179098.jpg 185
CUB_200_2011/images/186.Cedar_Waxwing/Cedar_Waxwing_0057_178370.jpg 185
CUB_200_2011/images/186.Cedar_Waxwing/Cedar_Waxwing_0113_178627.jpg 185
CUB_200_2011/images/187.American_Three_toed_Woodpecker/American_Three_Toed_Woodpecker_0039_796168.jpg 186
CUB_200_2011/images/187.American_Three_toed_Woodpecker/American_Three_Toed_Woodpecker_0046_796153.jpg 186
CUB_200_2011/images/187.American_Three_toed_Woodpecker/American_Three_Toed_Woodpecker_0003_179891.jpg 186
CUB_200_2011/images/187.American_Three_toed_Woodpecker/American_Three_Toed_Woodpecker_0016_179927.jpg 186
CUB_200_2011/images/188.Pileated_Woodpecker/Pileated_Woodpecker_0039_180012.jpg 187
CUB_200_2011/images/188.Pileated_Woodpecker/Pileated_Woodpecker_0110_180521.jpg 187
CUB_200_2011/images/188.Pileated_Woodpecker/Pileated_Woodpecker_0082_180523.jpg 187
CUB_200_2011/images/188.Pileated_Woodpecker/Pileated_Woodpecker_0079_180388.jpg 187
CUB_200_2011/images/189.Red_bellied_Woodpecker/Red_Bellied_Woodpecker_0089_181907.jpg 188
CUB_200_2011/images/189.Red_bellied_Woodpecker/Red_Bellied_Woodpecker_0070_181182.jpg 188
CUB_200_2011/images/189.Red_bellied_Woodpecker/Red_Bellied_Woodpecker_0002_180879.jpg 188
CUB_200_2011/images/189.Red_bellied_Woodpecker/Red_Bellied_Woodpecker_0042_181062.jpg 188
CUB_200_2011/images/190.Red_cockaded_Woodpecker/Red_Cockaded_Woodpecker_0035_182435.jpg 189
CUB_200_2011/images/190.Red_cockaded_Woodpecker/Red_Cockaded_Woodpecker_0010_182451.jpg 189
CUB_200_2011/images/190.Red_cockaded_Woodpecker/Red_Cockaded_Woodpecker_0034_794720.jpg 189
CUB_200_2011/images/190.Red_cockaded_Woodpecker/Red_Cockaded_Woodpecker_0006_182592.jpg 189
CUB_200_2011/images/191.Red_headed_Woodpecker/Red_Headed_Woodpecker_0032_182815.jpg 190
CUB_200_2011/images/191.Red_headed_Woodpecker/Red_Headed_Woodpecker_0097_182903.jpg 190
CUB_200_2011/images/191.Red_headed_Woodpecker/Red_Headed_Woodpecker_0013_182721.jpg 190
CUB_200_2011/images/191.Red_headed_Woodpecker/Red_Headed_Woodpecker_0073_182784.jpg 190
CUB_200_2011/images/192.Downy_Woodpecker/Downy_Woodpecker_0056_183913.jpg 191
CUB_200_2011/images/192.Downy_Woodpecker/Downy_Woodpecker_0048_184164.jpg 191
CUB_200_2011/images/192.Downy_Woodpecker/Downy_Woodpecker_0003_183933.jpg 191
CUB_200_2011/images/192.Downy_Woodpecker/Downy_Woodpecker_0082_183922.jpg 191
CUB_200_2011/images/193.Bewick_Wren/Bewick_Wren_0049_185339.jpg 192
CUB_200_2011/images/193.Bewick_Wren/Bewick_Wren_0039_184989.jpg 192
CUB_200_2011/images/193.Bewick_Wren/Bewick_Wren_0132_184906.jpg 192
CUB_200_2011/images/193.Bewick_Wren/Bewick_Wren_0052_184760.jpg 192
CUB_200_2011/images/194.Cactus_Wren/Cactus_Wren_0063_185589.jpg 193
CUB_200_2011/images/194.Cactus_Wren/Cactus_Wren_0108_185733.jpg 193
CUB_200_2011/images/194.Cactus_Wren/Cactus_Wren_0030_185798.jpg 193
CUB_200_2011/images/194.Cactus_Wren/Cactus_Wren_0116_185927.jpg 193
CUB_200_2011/images/195.Carolina_Wren/Carolina_Wren_0001_186455.jpg 194
CUB_200_2011/images/195.Carolina_Wren/Carolina_Wren_0113_186675.jpg 194
CUB_200_2011/images/195.Carolina_Wren/Carolina_Wren_0056_186313.jpg 194
CUB_200_2011/images/195.Carolina_Wren/Carolina_Wren_0049_186129.jpg 194
CUB_200_2011/images/196.House_Wren/House_Wren_0133_187101.jpg 195
CUB_200_2011/images/196.House_Wren/House_Wren_0064_187489.jpg 195
CUB_200_2011/images/196.House_Wren/House_Wren_0083_187406.jpg 195
CUB_200_2011/images/196.House_Wren/House_Wren_0012_187973.jpg 195
CUB_200_2011/images/197.Marsh_Wren/Marsh_Wren_0072_188764.jpg 196
CUB_200_2011/images/197.Marsh_Wren/Marsh_Wren_0053_188276.jpg 196
CUB_200_2011/images/197.Marsh_Wren/Marsh_Wren_0133_188565.jpg 196
CUB_200_2011/images/197.Marsh_Wren/Marsh_Wren_0056_188241.jpg 196
CUB_200_2011/images/198.Rock_Wren/Rock_Wren_0033_189397.jpg 197
CUB_200_2011/images/198.Rock_Wren/Rock_Wren_0004_189046.jpg 197
CUB_200_2011/images/198.Rock_Wren/Rock_Wren_0104_189161.jpg 197
CUB_200_2011/images/198.Rock_Wren/Rock_Wren_0087_188988.jpg 197
CUB_200_2011/images/199.Winter_Wren/Winter_Wren_0071_189689.jpg 198
CUB_200_2011/images/199.Winter_Wren/Winter_Wren_0110_189569.jpg 198
CUB_200_2011/images/199.Winter_Wren/Winter_Wren_0037_190123.jpg 198
CUB_200_2011/images/199.Winter_Wren/Winter_Wren_0109_189850.jpg 198
CUB_200_2011/images/200.Common_Yellowthroat/Common_Yellowthroat_0028_190527.jpg 199
CUB_200_2011/images/200.Common_Yellowthroat/Common_Yellowthroat_0040_190427.jpg 199
CUB_200_2011/images/200.Common_Yellowthroat/Common_Yellowthroat_0049_190708.jpg 199
CUB_200_2011/images/200.Common_Yellowthroat/Common_Yellowthroat_0118_190805.jpg 199
