CUB-200-Painting/001.Black_footed_Albatross/Black_footed_Albatross_12.jpg 0
CUB-200-Painting/001.Black_footed_Albatross/Black_footed_Albatross_1.jpg 0
CUB-200-Painting/001.Black_footed_Albatross/Black_footed_Albatross_13.jpg 0
CUB-200-Painting/001.Black_footed_Albatross/Black_footed_Albatross_7.jpg 0
CUB-200-Painting/002.Laysan_Albatross/Laysan_Albatross_3.jpg 1
CUB-200-Painting/002.Laysan_Albatross/Laysan_Albatross_10.jpg 1
CUB-200-Painting/002.Laysan_Albatross/Laysan_Albatross_4.jpg 1
CUB-200-Painting/002.Laysan_Albatross/Laysan_Albatross_5.jpg 1
CUB-200-Painting/003.Sooty_Albatross/Sooty_Albatross_7.jpg 2
CUB-200-Painting/003.Sooty_Albatross/Sooty_Albatross_11.jpg 2
CUB-200-Painting/003.Sooty_Albatross/Sooty_Albatross_4.jpg 2
CUB-200-Painting/003.Sooty_Albatross/Sooty_Albatross_1.jpg 2
CUB-200-Painting/004.Groove_billed_Ani/Groove_billed_Ani_8.jpg 3
CUB-200-Painting/004.Groove_billed_Ani/Groove_billed_Ani_10.jpg 3
CUB-200-Painting/004.Groove_billed_Ani/Groove_billed_Ani_5.jpg 3
CUB-200-Painting/004.Groove_billed_Ani/Groove_billed_Ani_9.jpg 3
CUB-200-Painting/005.Crested_Auklet/Crested_Auklet_10.jpg 4
CUB-200-Painting/005.Crested_Auklet/Crested_Auklet_5.jpg 4
CUB-200-Painting/005.Crested_Auklet/Crested_Auklet_3.jpg 4
CUB-200-Painting/005.Crested_Auklet/Crested_Auklet_7.jpg 4
CUB-200-Painting/006.Least_Auklet/Least_Auklet_0.jpg 5
CUB-200-Painting/006.Least_Auklet/Least_Auklet_5.jpg 5
CUB-200-Painting/006.Least_Auklet/Least_Auklet_4.jpg 5
CUB-200-Painting/007.Parakeet_Auklet/Parakeet_Auklet_0.jpg 6
CUB-200-Painting/007.Parakeet_Auklet/Parakeet_Auklet_6.jpg 6
CUB-200-Painting/007.Parakeet_Auklet/Parakeet_Auklet_4.jpg 6
CUB-200-Painting/008.Rhinoceros_Auklet/Rhinoceros_Auklet_7.jpg 7
CUB-200-Painting/008.Rhinoceros_Auklet/Rhinoceros_Auklet_5.jpg 7
CUB-200-Painting/008.Rhinoceros_Auklet/Crested_Auklet_14.jpg 7
CUB-200-Painting/008.Rhinoceros_Auklet/Rhinoceros_Auklet_9.jpg 7
CUB-200-Painting/009.Brewer_Blackbird/Brewer_Blackbird_14.jpg 8
CUB-200-Painting/009.Brewer_Blackbird/Brewer_Blackbird_1.jpg 8
CUB-200-Painting/009.Brewer_Blackbird/Brewer_Blackbird_12.jpg 8
CUB-200-Painting/009.Brewer_Blackbird/Brewer_Blackbird_5.jpg 8
CUB-200-Painting/010.Red_winged_Blackbird/Red_winged_Blackbird_22.jpg 9
CUB-200-Painting/010.Red_winged_Blackbird/Red_winged_Blackbird_35.jpg 9
CUB-200-Painting/010.Red_winged_Blackbird/Red_winged_Blackbird_13.jpg 9
CUB-200-Painting/010.Red_winged_Blackbird/Red_winged_Blackbird_4.jpg 9
CUB-200-Painting/011.Rusty_Blackbird/Rusty_Blackbird_0.jpg 10
CUB-200-Painting/011.Rusty_Blackbird/Rusty_Blackbird_10.jpg 10
CUB-200-Painting/011.Rusty_Blackbird/Rusty_Blackbird_6.jpg 10
CUB-200-Painting/011.Rusty_Blackbird/Rusty_Blackbird_7.jpg 10
CUB-200-Painting/012.Yellow_headed_Blackbird/Yellow_headed_Blackbird_9.jpg 11
CUB-200-Painting/012.Yellow_headed_Blackbird/Yellow_headed_Blackbird_24.jpg 11
CUB-200-Painting/012.Yellow_headed_Blackbird/Yellow_headed_Blackbird_12.jpg 11
CUB-200-Painting/012.Yellow_headed_Blackbird/Yellow_headed_Blackbird_25.jpg 11
CUB-200-Painting/013.Bobolink/Bobolink_1.jpg 12
CUB-200-Painting/013.Bobolink/Bobolink_7.jpg 12
CUB-200-Painting/013.Bobolink/Bobolink_3.jpg 12
CUB-200-Painting/013.Bobolink/Bobolink_8.jpg 12
CUB-200-Painting/014.Indigo_Bunting/Indigo_Bunting_13.jpg 13
CUB-200-Painting/014.Indigo_Bunting/Indigo_Bunting_18.jpg 13
CUB-200-Painting/014.Indigo_Bunting/Indigo_Bunting_5.jpg 13
CUB-200-Painting/014.Indigo_Bunting/Indigo_Bunting_26.jpg 13
CUB-200-Painting/015.Lazuli_Bunting/Lazuli_Bunting_14.jpg 14
CUB-200-Painting/015.Lazuli_Bunting/Lazuli_Bunting_3.jpg 14
CUB-200-Painting/015.Lazuli_Bunting/Lazuli_Bunting_16.jpg 14
CUB-200-Painting/015.Lazuli_Bunting/Lazuli_Bunting_6.jpg 14
CUB-200-Painting/016.Painted_Bunting/Painted_Bunting_3.jpg 15
CUB-200-Painting/016.Painted_Bunting/Painted_Bunting_30.jpg 15
CUB-200-Painting/016.Painted_Bunting/Painted_Bunting_8.jpg 15
CUB-200-Painting/016.Painted_Bunting/Painted_Bunting_35.jpg 15
CUB-200-Painting/017.Cardinal/Cardinal_7.jpg 16
CUB-200-Painting/017.Cardinal/Cardinal_26.jpg 16
CUB-200-Painting/017.Cardinal/Cardinal_20.jpg 16
CUB-200-Painting/017.Cardinal/Cardinal_6.jpg 16
CUB-200-Painting/018.Spotted_Catbird/Spotted_Catbird_0.jpg 17
CUB-200-Painting/019.Gray_Catbird/Gray_Catbird_7.jpg 18
CUB-200-Painting/019.Gray_Catbird/Gray_Catbird_5.jpg 18
CUB-200-Painting/019.Gray_Catbird/Gray_Catbird_0.jpg 18
CUB-200-Painting/019.Gray_Catbird/Gray_Catbird_6.jpg 18
CUB-200-Painting/020.Yellow_breasted_Chat/Yellow_breasted_Chat_0.jpg 19
CUB-200-Painting/020.Yellow_breasted_Chat/Yellow_breasted_Chat_18.jpg 19
CUB-200-Painting/020.Yellow_breasted_Chat/Yellow_breasted_Chat_19.jpg 19
CUB-200-Painting/020.Yellow_breasted_Chat/Yellow_breasted_Chat_17.jpg 19
CUB-200-Painting/021.Eastern_Towhee/Eastern_Towhee_0.jpg 20
CUB-200-Painting/021.Eastern_Towhee/Eastern_Towhee_17.jpg 20
CUB-200-Painting/021.Eastern_Towhee/Eastern_Towhee_13.jpg 20
CUB-200-Painting/021.Eastern_Towhee/Eastern_Towhee_11.jpg 20
CUB-200-Painting/022.Chuck_will_Widow/Chuck_will_Widow_8.jpg 21
CUB-200-Painting/022.Chuck_will_Widow/Chuck_will_Widow_4.jpg 21
CUB-200-Painting/022.Chuck_will_Widow/Chuck_will_Widow_6.jpg 21
CUB-200-Painting/022.Chuck_will_Widow/Chuck_will_Widow_0.jpg 21
CUB-200-Painting/023.Brandt_Cormorant/Brandt_Cormorant_3.jpg 22
CUB-200-Painting/023.Brandt_Cormorant/Brandt_Cormorant_5.jpg 22
CUB-200-Painting/023.Brandt_Cormorant/Brandt_Cormorant_2.jpg 22
CUB-200-Painting/023.Brandt_Cormorant/Brandt_Cormorant_0.jpg 22
CUB-200-Painting/024.Red_faced_Cormorant/Red_faced_Cormorant_6.jpg 23
CUB-200-Painting/024.Red_faced_Cormorant/Red_faced_Cormorant_1.jpg 23
CUB-200-Painting/024.Red_faced_Cormorant/Red_faced_Cormorant_8.jpg 23
CUB-200-Painting/025.Pelagic_Cormorant/Pelagic_Cormorant_5.jpg 24
CUB-200-Painting/025.Pelagic_Cormorant/Pelagic_Cormorant_1.jpg 24
CUB-200-Painting/025.Pelagic_Cormorant/Pelagic_Cormorant_4.jpg 24
CUB-200-Painting/025.Pelagic_Cormorant/Pelagic_Cormorant_0.jpg 24
CUB-200-Painting/026.Bronzed_Cowbird/Bronzed_Cowbird_4.jpg 25
CUB-200-Painting/027.Shiny_Cowbird/Shiny_Cowbird_4.jpg 26
CUB-200-Painting/027.Shiny_Cowbird/Shiny_Cowbird_0.jpg 26
CUB-200-Painting/027.Shiny_Cowbird/Shiny_Cowbird_3.jpg 26
CUB-200-Painting/028.Brown_Creeper/Brown_Creeper_9.jpg 27
CUB-200-Painting/028.Brown_Creeper/Brown_Creeper_6.jpg 27
CUB-200-Painting/028.Brown_Creeper/Brown_Creeper_5.jpg 27
CUB-200-Painting/028.Brown_Creeper/Brown_Creeper_14.jpg 27
CUB-200-Painting/029.American_Crow/American_Crow_6.jpg 28
CUB-200-Painting/029.American_Crow/American_Crow_8.jpg 28
CUB-200-Painting/029.American_Crow/American_Crow_7.jpg 28
CUB-200-Painting/029.American_Crow/American_Crow_3.jpg 28
CUB-200-Painting/030.Fish_Crow/Fish_Crow_3.jpg 29
CUB-200-Painting/030.Fish_Crow/Fish_Crow_0.jpg 29
CUB-200-Painting/031.Black_billed_Cuckoo/Black_billed_Cuckoo_4.jpg 30
CUB-200-Painting/031.Black_billed_Cuckoo/Black_billed_Cuckoo_10.jpg 30
CUB-200-Painting/031.Black_billed_Cuckoo/Black_billed_Cuckoo_3.jpg 30
CUB-200-Painting/031.Black_billed_Cuckoo/Black_billed_Cuckoo_0.jpg 30
CUB-200-Painting/032.Mangrove_Cuckoo/Mangrove_Cuckoo_6.jpg 31
CUB-200-Painting/032.Mangrove_Cuckoo/Mangrove_Cuckoo_0.jpg 31
CUB-200-Painting/032.Mangrove_Cuckoo/Mangrove_Cuckoo_7.jpg 31
CUB-200-Painting/033.Yellow_billed_Cuckoo/Yellow_billed_Cuckoo_3.jpg 32
CUB-200-Painting/033.Yellow_billed_Cuckoo/Yellow_billed_Cuckoo_15.jpg 32
CUB-200-Painting/033.Yellow_billed_Cuckoo/Yellow_billed_Cuckoo_5.jpg 32
CUB-200-Painting/033.Yellow_billed_Cuckoo/Yellow_billed_Cuckoo_10.jpg 32
CUB-200-Painting/034.Gray_crowned_Rosy_Finch/Gray_crowned_Rosy_Finch_2.jpg 33
CUB-200-Painting/034.Gray_crowned_Rosy_Finch/Gray_crowned_Rosy_Finch_6.jpg 33
CUB-200-Painting/034.Gray_crowned_Rosy_Finch/Gray_crowned_Rosy_Finch_1.jpg 33
CUB-200-Painting/034.Gray_crowned_Rosy_Finch/Gray_crowned_Rosy_Finch_10.jpg 33
CUB-200-Painting/035.Purple_Finch/Purple_Finch_14.jpg 34
CUB-200-Painting/035.Purple_Finch/Purple_Finch_19.jpg 34
CUB-200-Painting/035.Purple_Finch/Purple_Finch_9.jpg 34
CUB-200-Painting/035.Purple_Finch/Purple_Finch_4.jpg 34
CUB-200-Painting/036.Northern_Flicker/Northern_Flicker_5.jpg 35
CUB-200-Painting/036.Northern_Flicker/Northern_Flicker_10.jpg 35
CUB-200-Painting/036.Northern_Flicker/Northern_Flicker_4.jpg 35
CUB-200-Painting/036.Northern_Flicker/Northern_Flicker_13.jpg 35
CUB-200-Painting/037.Acadian_Flycatcher/Acadian_Flycatcher_2.jpg 36
CUB-200-Painting/037.Acadian_Flycatcher/Acadian_Flycatcher_6.jpg 36
CUB-200-Painting/037.Acadian_Flycatcher/Acadian_Flycatcher_4.jpg 36
CUB-200-Painting/037.Acadian_Flycatcher/Acadian_Flycatcher_3.jpg 36
CUB-200-Painting/038.Great_Crested_Flycatcher/Great_Crested_Flycatcher_5.jpg 37
CUB-200-Painting/038.Great_Crested_Flycatcher/Great_Crested_Flycatcher_2.jpg 37
CUB-200-Painting/038.Great_Crested_Flycatcher/Great_Crested_Flycatcher_9.jpg 37
CUB-200-Painting/038.Great_Crested_Flycatcher/Great_Crested_Flycatcher_3.jpg 37
CUB-200-Painting/039.Least_Flycatcher/Least_Flycatcher_0.jpg 38
CUB-200-Painting/039.Least_Flycatcher/Least_Flycatcher_1.jpg 38
CUB-200-Painting/039.Least_Flycatcher/Least_Flycatcher_4.jpg 38
CUB-200-Painting/040.Olive_sided_Flycatcher/Olive_sided_Flycatcher_7.jpg 39
CUB-200-Painting/040.Olive_sided_Flycatcher/Olive_sided_Flycatcher_9.jpg 39
CUB-200-Painting/040.Olive_sided_Flycatcher/Olive_sided_Flycatcher_6.jpg 39
CUB-200-Painting/040.Olive_sided_Flycatcher/Olive_sided_Flycatcher_10.jpg 39
CUB-200-Painting/041.Scissor_tailed_Flycatcher/Scissor_tailed_Flycatcher_25.jpg 40
CUB-200-Painting/041.Scissor_tailed_Flycatcher/Scissor_tailed_Flycatcher_11.jpg 40
CUB-200-Painting/041.Scissor_tailed_Flycatcher/Scissor_tailed_Flycatcher_1.jpg 40
CUB-200-Painting/041.Scissor_tailed_Flycatcher/Scissor_tailed_Flycatcher_16.jpg 40
CUB-200-Painting/042.Vermilion_Flycatcher/Vermilion_Flycatcher_8.jpg 41
CUB-200-Painting/042.Vermilion_Flycatcher/Vermilion_Flycatcher_14.jpg 41
CUB-200-Painting/042.Vermilion_Flycatcher/Vermilion_Flycatcher_7.jpg 41
CUB-200-Painting/042.Vermilion_Flycatcher/Vermilion_Flycatcher_26.jpg 41
CUB-200-Painting/043.Yellow_bellied_Flycatcher/Yellow_bellied_Flycatcher_11.jpg 42
CUB-200-Painting/043.Yellow_bellied_Flycatcher/Yellow_bellied_Flycatcher_13.jpg 42
CUB-200-Painting/043.Yellow_bellied_Flycatcher/Yellow_bellied_Flycatcher_1.jpg 42
CUB-200-Painting/043.Yellow_bellied_Flycatcher/Yellow_bellied_Flycatcher_12.jpg 42
CUB-200-Painting/044.Frigatebird/Frigatebird_3.jpg 43
CUB-200-Painting/044.Frigatebird/Frigatebird_7.jpg 43
CUB-200-Painting/044.Frigatebird/Frigatebird_12.jpg 43
CUB-200-Painting/044.Frigatebird/Frigatebird_10.jpg 43
CUB-200-Painting/045.Northern_Fulmar/Northern_Fulmar_9.jpg 44
CUB-200-Painting/045.Northern_Fulmar/Northern_Fulmar_6.jpg 44
CUB-200-Painting/045.Northern_Fulmar/Northern_Fulmar_0.jpg 44
CUB-200-Painting/045.Northern_Fulmar/Northern_Fulmar_5.jpg 44
CUB-200-Painting/046.Gadwall/Gadwall_9.jpg 45
CUB-200-Painting/046.Gadwall/Gadwall_15.jpg 45
CUB-200-Painting/046.Gadwall/Gadwall_12.jpg 45
CUB-200-Painting/046.Gadwall/Gadwall_0.jpg 45
CUB-200-Painting/047.American_Goldfinch/American_Goldfinch_8.jpg 46
CUB-200-Painting/047.American_Goldfinch/American_Goldfinch_6.jpg 46
CUB-200-Painting/047.American_Goldfinch/American_Goldfinch_14.jpg 46
CUB-200-Painting/047.American_Goldfinch/American_Goldfinch_17.jpg 46
CUB-200-Painting/048.European_Goldfinch/European_Goldfinch_9.jpg 47
CUB-200-Painting/048.European_Goldfinch/European_Goldfinch_34.jpg 47
CUB-200-Painting/048.European_Goldfinch/European_Goldfinch_29.jpg 47
CUB-200-Painting/048.European_Goldfinch/European_Goldfinch_14.jpg 47
CUB-200-Painting/049.Boat_tailed_Grackle/Boat_tailed_Grackle_7.jpg 48
CUB-200-Painting/049.Boat_tailed_Grackle/Boat_tailed_Grackle_9.jpg 48
CUB-200-Painting/049.Boat_tailed_Grackle/Boat_tailed_Grackle_3.jpg 48
CUB-200-Painting/049.Boat_tailed_Grackle/Boat_tailed_Grackle_8.jpg 48
CUB-200-Painting/050.Eared_Grebe/Eared_Grebe_8.jpg 49
CUB-200-Painting/050.Eared_Grebe/Eared_Grebe_4.jpg 49
CUB-200-Painting/050.Eared_Grebe/Eared_Grebe_7.jpg 49
CUB-200-Painting/050.Eared_Grebe/Eared_Grebe_9.jpg 49
CUB-200-Painting/051.Horned_Grebe/Horned_Grebe_9.jpg 50
CUB-200-Painting/051.Horned_Grebe/Horned_Grebe_5.jpg 50
CUB-200-Painting/051.Horned_Grebe/Horned_Grebe_3.jpg 50
CUB-200-Painting/051.Horned_Grebe/Horned_Grebe_17.jpg 50
CUB-200-Painting/052.Pied_billed_Grebe/Pied_billed_Grebe_4.jpg 51
CUB-200-Painting/052.Pied_billed_Grebe/Pied_billed_Grebe_6.jpg 51
CUB-200-Painting/052.Pied_billed_Grebe/Pied_billed_Grebe_7.jpg 51
CUB-200-Painting/052.Pied_billed_Grebe/Pied_billed_Grebe_8.jpg 51
CUB-200-Painting/053.Western_Grebe/Western_Grebe_2.jpg 52
CUB-200-Painting/053.Western_Grebe/Western_Grebe_3.jpg 52
CUB-200-Painting/053.Western_Grebe/Western_Grebe_6.jpg 52
CUB-200-Painting/053.Western_Grebe/Western_Grebe_1.jpg 52
CUB-200-Painting/054.Blue_Grosbeak/Blue_Grosbeak_5.jpg 53
CUB-200-Painting/054.Blue_Grosbeak/Blue_Grosbeak_11.jpg 53
CUB-200-Painting/054.Blue_Grosbeak/Blue_Grosbeak_16.jpg 53
CUB-200-Painting/054.Blue_Grosbeak/Blue_Grosbeak_14.jpg 53
CUB-200-Painting/055.Evening_Grosbeak/Evening_Grosbeak_25.jpg 54
CUB-200-Painting/055.Evening_Grosbeak/Evening_Grosbeak_18.jpg 54
CUB-200-Painting/055.Evening_Grosbeak/Evening_Grosbeak_19.jpg 54
CUB-200-Painting/055.Evening_Grosbeak/Evening_Grosbeak_26.jpg 54
CUB-200-Painting/056.Pine_Grosbeak/Pine_Grosbeak_2.jpg 55
CUB-200-Painting/056.Pine_Grosbeak/Pine_Grosbeak_0.jpg 55
CUB-200-Painting/056.Pine_Grosbeak/Pine_Grosbeak_6.jpg 55
CUB-200-Painting/056.Pine_Grosbeak/Pine_Grosbeak_11.jpg 55
CUB-200-Painting/057.Rose_breasted_Grosbeak/Rose_breasted_Grosbeak_26.jpg 56
CUB-200-Painting/057.Rose_breasted_Grosbeak/Rose_breasted_Grosbeak_32.jpg 56
CUB-200-Painting/057.Rose_breasted_Grosbeak/Rose_breasted_Grosbeak_43.jpg 56
CUB-200-Painting/057.Rose_breasted_Grosbeak/Rose_breasted_Grosbeak_8.jpg 56
CUB-200-Painting/058.Pigeon_Guillemot/Pigeon_Guillemot_3.jpg 57
CUB-200-Painting/058.Pigeon_Guillemot/Pigeon_Guillemot_2.jpg 57
CUB-200-Painting/058.Pigeon_Guillemot/Pigeon_Guillemot_4.jpg 57
CUB-200-Painting/058.Pigeon_Guillemot/Pigeon_Guillemot_8.jpg 57
CUB-200-Painting/059.California_Gull/California_Gull_5.jpg 58
CUB-200-Painting/059.California_Gull/California_Gull_2.jpg 58
CUB-200-Painting/059.California_Gull/California_Gull_1.jpg 58
CUB-200-Painting/060.Glaucous_winged_Gull/Glaucous_winged_Gull_9.jpg 59
CUB-200-Painting/060.Glaucous_winged_Gull/Glaucous_winged_Gull_2.jpg 59
CUB-200-Painting/060.Glaucous_winged_Gull/Glaucous_winged_Gull_3.jpg 59
CUB-200-Painting/060.Glaucous_winged_Gull/Glaucous_winged_Gull_4.jpg 59
CUB-200-Painting/061.Heermann_Gull/Heermann_Gull_1.jpg 60
CUB-200-Painting/061.Heermann_Gull/Heermann_Gull_4.jpg 60
CUB-200-Painting/062.Herring_Gull/Herring_Gull_27.jpg 61
CUB-200-Painting/062.Herring_Gull/Herring_Gull_25.jpg 61
CUB-200-Painting/062.Herring_Gull/Herring_Gull_11.jpg 61
CUB-200-Painting/062.Herring_Gull/Herring_Gull_21.jpg 61
CUB-200-Painting/063.Ivory_Gull/Ivory_Gull_10.jpg 62
CUB-200-Painting/063.Ivory_Gull/Ivory_Gull_0.jpg 62
CUB-200-Painting/063.Ivory_Gull/Ivory_Gull_8.jpg 62
CUB-200-Painting/063.Ivory_Gull/Ivory_Gull_5.jpg 62
CUB-200-Painting/064.Ring_billed_Gull/Ring_billed_Gull_6.jpg 63
CUB-200-Painting/064.Ring_billed_Gull/Ring_billed_Gull_8.jpg 63
CUB-200-Painting/064.Ring_billed_Gull/Ring_billed_Gull_1.jpg 63
CUB-200-Painting/064.Ring_billed_Gull/Ring_billed_Gull_0.jpg 63
CUB-200-Painting/065.Slaty_backed_Gull/Slaty_backed_Gull_5.jpg 64
CUB-200-Painting/065.Slaty_backed_Gull/Slaty_backed_Gull_4.jpg 64
CUB-200-Painting/065.Slaty_backed_Gull/Slaty_backed_Gull_0.jpg 64
CUB-200-Painting/066.Western_Gull/Western_Gull_6.jpg 65
CUB-200-Painting/066.Western_Gull/Western_Gull_9.jpg 65
CUB-200-Painting/066.Western_Gull/Western_Gull_2.jpg 65
CUB-200-Painting/067.Anna_Hummingbird/Anna_Hummingbird_14.jpg 66
CUB-200-Painting/067.Anna_Hummingbird/Anna_Hummingbird_19.jpg 66
CUB-200-Painting/067.Anna_Hummingbird/Anna_Hummingbird_9.jpg 66
CUB-200-Painting/067.Anna_Hummingbird/Anna_Hummingbird_2.jpg 66
CUB-200-Painting/068.Ruby_throated_Hummingbird/Ruby_throated_Hummingbird_29.jpg 67
CUB-200-Painting/068.Ruby_throated_Hummingbird/Ruby_throated_Hummingbird_24.jpg 67
CUB-200-Painting/068.Ruby_throated_Hummingbird/Ruby_throated_Hummingbird_9.jpg 67
CUB-200-Painting/068.Ruby_throated_Hummingbird/Ruby_throated_Hummingbird_0.jpg 67
CUB-200-Painting/069.Rufous_Hummingbird/Rufous_Hummingbird_11.jpg 68
CUB-200-Painting/069.Rufous_Hummingbird/Rufous_Hummingbird_8.jpg 68
CUB-200-Painting/069.Rufous_Hummingbird/Rufous_Hummingbird_1.jpg 68
CUB-200-Painting/069.Rufous_Hummingbird/Rufous_Hummingbird_16.jpg 68
CUB-200-Painting/070.Green_Violetear/Green_Violetear_3.jpg 69
CUB-200-Painting/070.Green_Violetear/Green_Violetear_2.jpg 69
CUB-200-Painting/070.Green_Violetear/Green_Violetear_0.jpg 69
CUB-200-Painting/070.Green_Violetear/Green_Violetear_8.jpg 69
CUB-200-Painting/071.Long_tailed_Jaeger/Long_tailed_Jaeger_8.jpg 70
CUB-200-Painting/071.Long_tailed_Jaeger/Long_tailed_Jaeger_7.jpg 70
CUB-200-Painting/071.Long_tailed_Jaeger/Long_tailed_Jaeger_4.jpg 70
CUB-200-Painting/071.Long_tailed_Jaeger/Long_tailed_Jaeger_10.jpg 70
CUB-200-Painting/072.Pomarine_Jaeger/Pomarine_Jaeger_10.jpg 71
CUB-200-Painting/072.Pomarine_Jaeger/Pomarine_Jaeger_2.jpg 71
CUB-200-Painting/072.Pomarine_Jaeger/Pomarine_Jaeger_4.jpg 71
CUB-200-Painting/072.Pomarine_Jaeger/Pomarine_Jaeger_3.jpg 71
CUB-200-Painting/073.Blue_Jay/Blue_Jay_5.jpg 72
CUB-200-Painting/073.Blue_Jay/Blue_Jay_10.jpg 72
CUB-200-Painting/073.Blue_Jay/Blue_Jay_37.jpg 72
CUB-200-Painting/073.Blue_Jay/Blue_Jay_15.jpg 72
CUB-200-Painting/074.Florida_Jay/Florida_Jay_10.jpg 73
CUB-200-Painting/074.Florida_Jay/Florida_Jay_0.jpg 73
CUB-200-Painting/074.Florida_Jay/Florida_Jay_13.jpg 73
CUB-200-Painting/074.Florida_Jay/Florida_Jay_15.jpg 73
CUB-200-Painting/075.Green_Jay/Green_Jay_14.jpg 74
CUB-200-Painting/075.Green_Jay/Green_Jay_10.jpg 74
CUB-200-Painting/075.Green_Jay/Green_Jay_23.jpg 74
CUB-200-Painting/075.Green_Jay/Green_Jay_16.jpg 74
CUB-200-Painting/076.Dark_eyed_Junco/Dark_eyed_Junco_15.jpg 75
CUB-200-Painting/076.Dark_eyed_Junco/Dark_eyed_Junco_11.jpg 75
CUB-200-Painting/076.Dark_eyed_Junco/Dark_eyed_Junco_22.jpg 75
CUB-200-Painting/076.Dark_eyed_Junco/Dark_eyed_Junco_17.jpg 75
CUB-200-Painting/077.Tropical_Kingbird/Tropical_Kingbird_0.jpg 76
CUB-200-Painting/077.Tropical_Kingbird/Tropical_Kingbird_1.jpg 76
CUB-200-Painting/077.Tropical_Kingbird/Tropical_Kingbird_4.jpg 76
CUB-200-Painting/077.Tropical_Kingbird/Tropical_Kingbird_2.jpg 76
CUB-200-Painting/078.Gray_Kingbird/download-3.jpg 77
CUB-200-Painting/078.Gray_Kingbird/download-2.jpg 77
CUB-200-Painting/079.Belted_Kingfisher/Belted_Kingfisher_26.jpg 78
CUB-200-Painting/079.Belted_Kingfisher/Belted_Kingfisher_7.jpg 78
CUB-200-Painting/079.Belted_Kingfisher/Belted_Kingfisher_29.jpg 78
CUB-200-Painting/079.Belted_Kingfisher/Belted_Kingfisher_8.jpg 78
CUB-200-Painting/080.Green_Kingfisher/Green_Kingfisher_2.jpg 79
CUB-200-Painting/080.Green_Kingfisher/Green_Kingfisher_4.jpg 79
CUB-200-Painting/080.Green_Kingfisher/Green_Kingfisher_1.jpg 79
CUB-200-Painting/080.Green_Kingfisher/Green_Kingfisher_0.jpg 79
CUB-200-Painting/081.Pied_Kingfisher/Pied_Kingfisher_10.jpg 80
CUB-200-Painting/081.Pied_Kingfisher/Pied_Kingfisher_9.jpg 80
CUB-200-Painting/081.Pied_Kingfisher/Pied_Kingfisher_16.jpg 80
CUB-200-Painting/081.Pied_Kingfisher/Pied_Kingfisher_18.jpg 80
CUB-200-Painting/082.Ringed_Kingfisher/Ringed_Kingfisher_6.jpg 81
CUB-200-Painting/082.Ringed_Kingfisher/Ringed_Kingfisher_10.jpg 81
CUB-200-Painting/082.Ringed_Kingfisher/Ringed_Kingfisher_12.jpg 81
CUB-200-Painting/082.Ringed_Kingfisher/Ringed_Kingfisher_4.jpg 81
CUB-200-Painting/083.White_breasted_Kingfisher/White_breasted_Kingfisher_9.jpg 82
CUB-200-Painting/083.White_breasted_Kingfisher/White_breasted_Kingfisher_2.jpg 82
CUB-200-Painting/083.White_breasted_Kingfisher/White_breasted_Kingfisher_0.jpg 82
CUB-200-Painting/083.White_breasted_Kingfisher/White_breasted_Kingfisher_6.jpg 82
CUB-200-Painting/084.Red_legged_Kittiwake/Red_legged_Kittiwake_0.jpg 83
CUB-200-Painting/084.Red_legged_Kittiwake/Red_legged_Kittiwake_5.jpg 83
CUB-200-Painting/084.Red_legged_Kittiwake/Red_legged_Kittiwake_1.jpg 83
CUB-200-Painting/084.Red_legged_Kittiwake/Red_legged_Kittiwake_3.jpg 83
CUB-200-Painting/085.Horned_Lark/Horned_Lark_5.jpg 84
CUB-200-Painting/085.Horned_Lark/Horned_Lark_11.jpg 84
CUB-200-Painting/085.Horned_Lark/Horned_Lark_13.jpg 84
CUB-200-Painting/085.Horned_Lark/Horned_Lark_19.jpg 84
CUB-200-Painting/086.Pacific_Loon/Pacific_Loon_9.jpg 85
CUB-200-Painting/086.Pacific_Loon/Pacific_Loon_7.jpg 85
CUB-200-Painting/086.Pacific_Loon/Pacific_Loon_5.jpg 85
CUB-200-Painting/086.Pacific_Loon/Pacific_Loon_3.jpg 85
CUB-200-Painting/087.Mallard/Mallard_6.jpg 86
CUB-200-Painting/087.Mallard/Mallard_1.jpg 86
CUB-200-Painting/087.Mallard/Mallard_11.jpg 86
CUB-200-Painting/087.Mallard/Mallard_3.jpg 86
CUB-200-Painting/088.Western_Meadowlark/Western_Meadowlark_27.jpg 87
CUB-200-Painting/088.Western_Meadowlark/Western_Meadowlark_25.jpg 87
CUB-200-Painting/088.Western_Meadowlark/Western_Meadowlark_8.jpg 87
CUB-200-Painting/088.Western_Meadowlark/Western_Meadowlark_4.jpg 87
CUB-200-Painting/089.Hooded_Merganser/Hooded_Merganser_12.jpg 88
CUB-200-Painting/089.Hooded_Merganser/Hooded_Merganser_16.jpg 88
CUB-200-Painting/089.Hooded_Merganser/Hooded_Merganser_15.jpg 88
CUB-200-Painting/089.Hooded_Merganser/Hooded_Merganser_22.jpg 88
CUB-200-Painting/090.Red_breasted_Merganser/Red_breasted_Merganser_0.jpg 89
CUB-200-Painting/090.Red_breasted_Merganser/Red_breasted_Merganser_13.jpg 89
CUB-200-Painting/090.Red_breasted_Merganser/Red_breasted_Merganser_3.jpg 89
CUB-200-Painting/090.Red_breasted_Merganser/Red_breasted_Merganser_14.jpg 89
CUB-200-Painting/091.Mockingbird/Mockingbird_7.jpg 90
CUB-200-Painting/091.Mockingbird/Mockingbird_4.jpg 90
CUB-200-Painting/091.Mockingbird/Mockingbird_8.jpg 90
CUB-200-Painting/091.Mockingbird/Mockingbird_2.jpg 90
CUB-200-Painting/092.Nighthawk/Nighthawk_3.jpg 91
CUB-200-Painting/092.Nighthawk/Nighthawk_0.jpg 91
CUB-200-Painting/092.Nighthawk/Nighthawk_8.jpg 91
CUB-200-Painting/092.Nighthawk/Nighthawk_2.jpg 91
CUB-200-Painting/093.Clark_Nutcracker/Clark_Nutcracker_4.jpg 92
CUB-200-Painting/093.Clark_Nutcracker/Clark_Nutcracker_0.jpg 92
CUB-200-Painting/093.Clark_Nutcracker/Clark_Nutcracker_9.jpg 92
CUB-200-Painting/093.Clark_Nutcracker/Clark_Nutcracker_16.jpg 92
CUB-200-Painting/094.White_breasted_Nuthatch/White_breasted_Nuthatch_2.jpg 93
CUB-200-Painting/094.White_breasted_Nuthatch/White_breasted_Nuthatch_14.jpg 93
CUB-200-Painting/094.White_breasted_Nuthatch/White_breasted_Nuthatch_12.jpg 93
CUB-200-Painting/094.White_breasted_Nuthatch/White_breasted_Nuthatch_16.jpg 93
CUB-200-Painting/095.Baltimore_Oriole/Baltimore_Oriole_14.jpg 94
CUB-200-Painting/095.Baltimore_Oriole/Baltimore_Oriole_13.jpg 94
CUB-200-Painting/095.Baltimore_Oriole/Baltimore_Oriole_12.jpg 94
CUB-200-Painting/095.Baltimore_Oriole/Baltimore_Oriole_21.jpg 94
CUB-200-Painting/096.Hooded_Oriole/Hooded_Oriole_4.jpg 95
CUB-200-Painting/096.Hooded_Oriole/Hooded_Oriole_2.jpg 95
CUB-200-Painting/096.Hooded_Oriole/Hooded_Oriole_3.jpg 95
CUB-200-Painting/096.Hooded_Oriole/Hooded_Oriole_19.jpg 95
CUB-200-Painting/097.Orchard_Oriole/Orchard_Oriole_13.jpg 96
CUB-200-Painting/097.Orchard_Oriole/Orchard_Oriole_11.jpg 96
CUB-200-Painting/097.Orchard_Oriole/Orchard_Oriole_10.jpg 96
CUB-200-Painting/097.Orchard_Oriole/Orchard_Oriole_12.jpg 96
CUB-200-Painting/098.Scott_Oriole/Scott_Oriole_4.jpg 97
CUB-200-Painting/098.Scott_Oriole/Scott_Oriole_0.jpg 97
CUB-200-Painting/098.Scott_Oriole/Scott_Oriole_7.jpg 97
CUB-200-Painting/099.Ovenbird/Ovenbird_5.jpg 98
CUB-200-Painting/099.Ovenbird/Ovenbird_1.jpg 98
CUB-200-Painting/099.Ovenbird/Ovenbird_14.jpg 98
CUB-200-Painting/099.Ovenbird/Ovenbird_10.jpg 98
CUB-200-Painting/100.Brown_Pelican/Brown_Pelican_10.jpg 99
CUB-200-Painting/100.Brown_Pelican/Brown_Pelican_5.jpg 99
CUB-200-Painting/100.Brown_Pelican/Brown_Pelican_19.jpg 99
CUB-200-Painting/100.Brown_Pelican/Brown_Pelican_7.jpg 99
CUB-200-Painting/101.White_Pelican/White_Pelican_14.jpg 100
CUB-200-Painting/101.White_Pelican/White_Pelican_8.jpg 100
CUB-200-Painting/101.White_Pelican/White_Pelican_7.jpg 100
CUB-200-Painting/101.White_Pelican/White_Pelican_6.jpg 100
CUB-200-Painting/102.Western_Wood_Pewee/Western_Wood_Pewee_0.jpg 101
CUB-200-Painting/102.Western_Wood_Pewee/Western_Wood_Pewee_4.jpg 101
CUB-200-Painting/102.Western_Wood_Pewee/Western_Wood_Pewee_5.jpg 101
CUB-200-Painting/103.Sayornis/Sayornis_5.jpg 102
CUB-200-Painting/103.Sayornis/Sayornis_4.jpg 102
CUB-200-Painting/103.Sayornis/Sayornis_13.jpg 102
CUB-200-Painting/103.Sayornis/Sayornis_2.jpg 102
CUB-200-Painting/104.American_Pipit/images.jpg 103
CUB-200-Painting/104.American_Pipit/download-1.jpg 103
CUB-200-Painting/104.American_Pipit/download.jpg 103
CUB-200-Painting/105.Whip_poor_Will/download-9.jpg 104
CUB-200-Painting/105.Whip_poor_Will/download-8.jpg 104
CUB-200-Painting/105.Whip_poor_Will/download-1.jpg 104
CUB-200-Painting/105.Whip_poor_Will/download.jpg 104
CUB-200-Painting/106.Horned_Puffin/Horned_Puffin_7.jpg 105
CUB-200-Painting/106.Horned_Puffin/Horned_Puffin_17.jpg 105
CUB-200-Painting/106.Horned_Puffin/Horned_Puffin_23.jpg 105
CUB-200-Painting/106.Horned_Puffin/Horned_Puffin_8.jpg 105
CUB-200-Painting/107.Common_Raven/Common_Raven_10.jpg 106
CUB-200-Painting/107.Common_Raven/Common_Raven_4.jpg 106
CUB-200-Painting/107.Common_Raven/Common_Raven_13.jpg 106
CUB-200-Painting/107.Common_Raven/Common_Raven_2.jpg 106
CUB-200-Painting/108.White_necked_Raven/White_necked_Raven_0.jpg 107
CUB-200-Painting/108.White_necked_Raven/White_necked_Raven_8.jpg 107
CUB-200-Painting/108.White_necked_Raven/White_necked_Raven_3.jpg 107
CUB-200-Painting/108.White_necked_Raven/White_necked_Raven_2.jpg 107
CUB-200-Painting/109.American_Redstart/American_Redstart_6.jpg 108
CUB-200-Painting/109.American_Redstart/American_Redstart_25.jpg 108
CUB-200-Painting/109.American_Redstart/American_Redstart_23.jpg 108
CUB-200-Painting/109.American_Redstart/American_Redstart_9.jpg 108
CUB-200-Painting/110.Geococcyx/Geococcyx_5.jpg 109
CUB-200-Painting/110.Geococcyx/Geococcyx_3.jpg 109
CUB-200-Painting/110.Geococcyx/Geococcyx_0.jpg 109
CUB-200-Painting/111.Loggerhead_Shrike/Loggerhead_Shrike_8.jpg 110
CUB-200-Painting/111.Loggerhead_Shrike/Loggerhead_Shrike_7.jpg 110
CUB-200-Painting/111.Loggerhead_Shrike/Loggerhead_Shrike_1.jpg 110
CUB-200-Painting/111.Loggerhead_Shrike/Loggerhead_Shrike_16.jpg 110
CUB-200-Painting/112.Great_Grey_Shrike/Great_Grey_Shrike_12.jpg 111
CUB-200-Painting/112.Great_Grey_Shrike/Great_Grey_Shrike_20.jpg 111
CUB-200-Painting/112.Great_Grey_Shrike/Great_Grey_Shrike_21.jpg 111
CUB-200-Painting/112.Great_Grey_Shrike/Great_Grey_Shrike_28.jpg 111
CUB-200-Painting/113.Baird_Sparrow/Baird_Sparrow_5.jpg 112
CUB-200-Painting/113.Baird_Sparrow/Baird_Sparrow_1.jpg 112
CUB-200-Painting/113.Baird_Sparrow/Baird_Sparrow_2.jpg 112
CUB-200-Painting/113.Baird_Sparrow/Baird_Sparrow_3.jpg 112
CUB-200-Painting/114.Black_throated_Sparrow/Black_throated_Sparrow_8.jpg 113
CUB-200-Painting/114.Black_throated_Sparrow/Black_throated_Sparrow_7.jpg 113
CUB-200-Painting/114.Black_throated_Sparrow/Black_throated_Sparrow_1.jpg 113
CUB-200-Painting/114.Black_throated_Sparrow/Black_throated_Sparrow_2.jpg 113
CUB-200-Painting/115.Brewer_Sparrow/Brewer_Sparrow_0.jpg 114
CUB-200-Painting/115.Brewer_Sparrow/Brewer_Sparrow_3.jpg 114
CUB-200-Painting/115.Brewer_Sparrow/Brewer_Sparrow_1.jpg 114
CUB-200-Painting/116.Chipping_Sparrow/Chipping_Sparrow_13.jpg 115
CUB-200-Painting/116.Chipping_Sparrow/Chipping_Sparrow_6.jpg 115
CUB-200-Painting/116.Chipping_Sparrow/Chipping_Sparrow_16.jpg 115
CUB-200-Painting/116.Chipping_Sparrow/Chipping_Sparrow_15.jpg 115
CUB-200-Painting/117.Clay_colored_Sparrow/Clay_colored_Sparrow_0.jpg 116
CUB-200-Painting/117.Clay_colored_Sparrow/Clay_colored_Sparrow_2.jpg 116
CUB-200-Painting/117.Clay_colored_Sparrow/Clay_colored_Sparrow_3.jpg 116
CUB-200-Painting/118.House_Sparrow/House_Sparrow_11.jpg 117
CUB-200-Painting/118.House_Sparrow/House_Sparrow_0.jpg 117
CUB-200-Painting/118.House_Sparrow/House_Sparrow_15.jpg 117
CUB-200-Painting/118.House_Sparrow/House_Sparrow_6.jpg 117
CUB-200-Painting/119.Field_Sparrow/Field_Sparrow_6.jpg 118
CUB-200-Painting/119.Field_Sparrow/Field_Sparrow_0.jpg 118
CUB-200-Painting/119.Field_Sparrow/Field_Sparrow_1.jpg 118
CUB-200-Painting/120.Fox_Sparrow/Fox_Sparrow_9.jpg 119
CUB-200-Painting/120.Fox_Sparrow/Fox_Sparrow_12.jpg 119
CUB-200-Painting/120.Fox_Sparrow/Fox_Sparrow_15.jpg 119
CUB-200-Painting/120.Fox_Sparrow/Fox_Sparrow_13.jpg 119
CUB-200-Painting/121.Grasshopper_Sparrow/download.jpg 120
CUB-200-Painting/121.Grasshopper_Sparrow/download-2.jpg 120
CUB-200-Painting/121.Grasshopper_Sparrow/images.jpg 120
CUB-200-Painting/122.Harris_Sparrow/download.jpg 121
CUB-200-Painting/122.Harris_Sparrow/images-1.jpg 121
CUB-200-Painting/123.Henslow_Sparrow/images.jpg 122
CUB-200-Painting/124.Le_Conte_Sparrow/Le_Conte_Sparrow_3.jpg 123
CUB-200-Painting/124.Le_Conte_Sparrow/Le_Conte_Sparrow_7.jpg 123
CUB-200-Painting/125.Lincoln_Sparrow/download-4.jpg 124
CUB-200-Painting/125.Lincoln_Sparrow/download-5.jpg 124
CUB-200-Painting/125.Lincoln_Sparrow/download.jpg 124
CUB-200-Painting/125.Lincoln_Sparrow/images.jpg 124
CUB-200-Painting/126.Nelson_Sharp_tailed_Sparrow/images.jpg 125
CUB-200-Painting/127.Savannah_Sparrow/Savannah_Sparrow_9.jpg 126
CUB-200-Painting/127.Savannah_Sparrow/Savannah_Sparrow_13.jpg 126
CUB-200-Painting/127.Savannah_Sparrow/Savannah_Sparrow_10.jpg 126
CUB-200-Painting/127.Savannah_Sparrow/Savannah_Sparrow_0.jpg 126
CUB-200-Painting/128.Seaside_Sparrow/images-2.jpg 127
CUB-200-Painting/128.Seaside_Sparrow/download-3.jpg 127
CUB-200-Painting/128.Seaside_Sparrow/images.jpg 127
CUB-200-Painting/128.Seaside_Sparrow/download.jpg 127
CUB-200-Painting/129.Song_Sparrow/download-5.jpg 128
CUB-200-Painting/129.Song_Sparrow/download-2.jpg 128
CUB-200-Painting/129.Song_Sparrow/download-3.jpg 128
CUB-200-Painting/129.Song_Sparrow/images-1.jpg 128
CUB-200-Painting/130.Tree_Sparrow/Tree_Sparrow_9.jpg 129
CUB-200-Painting/130.Tree_Sparrow/Tree_Sparrow_18.jpg 129
CUB-200-Painting/130.Tree_Sparrow/Tree_Sparrow_6.jpg 129
CUB-200-Painting/130.Tree_Sparrow/Tree_Sparrow_21.jpg 129
CUB-200-Painting/131.Vesper_Sparrow/Vesper_Sparrow_13.jpg 130
CUB-200-Painting/131.Vesper_Sparrow/Vesper_Sparrow_11.jpg 130
CUB-200-Painting/131.Vesper_Sparrow/Vesper_Sparrow_3.jpg 130
CUB-200-Painting/131.Vesper_Sparrow/Vesper_Sparrow_8.jpg 130
CUB-200-Painting/132.White_crowned_Sparrow/White_crowned_Sparrow_12.jpg 131
CUB-200-Painting/132.White_crowned_Sparrow/White_crowned_Sparrow_14.jpg 131
CUB-200-Painting/132.White_crowned_Sparrow/White_crowned_Sparrow_11.jpg 131
CUB-200-Painting/132.White_crowned_Sparrow/White_crowned_Sparrow_9.jpg 131
CUB-200-Painting/133.White_throated_Sparrow/White_throated_Sparrow_11.jpg 132
CUB-200-Painting/133.White_throated_Sparrow/White_throated_Sparrow_10.jpg 132
CUB-200-Painting/133.White_throated_Sparrow/White_throated_Sparrow_4.jpg 132
CUB-200-Painting/133.White_throated_Sparrow/White_throated_Sparrow_1.jpg 132
CUB-200-Painting/134.Cape_Glossy_Starling/Cape_Glossy_Starling_9.jpg 133
CUB-200-Painting/134.Cape_Glossy_Starling/Cape_Glossy_Starling_7.jpg 133
CUB-200-Painting/134.Cape_Glossy_Starling/Cape_Glossy_Starling_0.jpg 133
CUB-200-Painting/134.Cape_Glossy_Starling/Cape_Glossy_Starling_5.jpg 133
CUB-200-Painting/135.Bank_Swallow/Bank_Swallow_1.jpg 134
CUB-200-Painting/135.Bank_Swallow/Bank_Swallow_6.jpg 134
CUB-200-Painting/135.Bank_Swallow/Bank_Swallow_3.jpg 134
CUB-200-Painting/135.Bank_Swallow/Bank_Swallow_2.jpg 134
CUB-200-Painting/136.Barn_Swallow/Barn_Swallow_13.jpg 135
CUB-200-Painting/136.Barn_Swallow/Barn_Swallow_9.jpg 135
CUB-200-Painting/136.Barn_Swallow/Barn_Swallow_16.jpg 135
CUB-200-Painting/136.Barn_Swallow/Barn_Swallow_5.jpg 135
CUB-200-Painting/137.Cliff_Swallow/Cliff_Swallow_5.jpg 136
CUB-200-Painting/137.Cliff_Swallow/Cliff_Swallow_0.jpg 136
CUB-200-Painting/137.Cliff_Swallow/Cliff_Swallow_3.jpg 136
CUB-200-Painting/137.Cliff_Swallow/Cliff_Swallow_9.jpg 136
CUB-200-Painting/138.Tree_Swallow/Tree_Swallow_14.jpg 137
CUB-200-Painting/138.Tree_Swallow/Tree_Swallow_7.jpg 137
CUB-200-Painting/138.Tree_Swallow/Tree_Swallow_25.jpg 137
CUB-200-Painting/138.Tree_Swallow/Tree_Swallow_0.jpg 137
CUB-200-Painting/139.Scarlet_Tanager/Scarlet_Tanager_15.jpg 138
CUB-200-Painting/139.Scarlet_Tanager/Scarlet_Tanager_21.jpg 138
CUB-200-Painting/139.Scarlet_Tanager/Scarlet_Tanager_20.jpg 138
CUB-200-Painting/139.Scarlet_Tanager/Scarlet_Tanager_0.jpg 138
CUB-200-Painting/140.Summer_Tanager/Summer_Tanager_4.jpg 139
CUB-200-Painting/140.Summer_Tanager/Summer_Tanager_11.jpg 139
CUB-200-Painting/140.Summer_Tanager/Summer_Tanager_0.jpg 139
CUB-200-Painting/140.Summer_Tanager/Summer_Tanager_12.jpg 139
CUB-200-Painting/141.Artic_Tern/Artic_Tern_11.jpg 140
CUB-200-Painting/141.Artic_Tern/Artic_Tern_9.jpg 140
CUB-200-Painting/141.Artic_Tern/Artic_Tern_5.jpg 140
CUB-200-Painting/141.Artic_Tern/Artic_Tern_12.jpg 140
CUB-200-Painting/142.Black_Tern/Black_Tern_10.jpg 141
CUB-200-Painting/142.Black_Tern/Black_Tern_18.jpg 141
CUB-200-Painting/142.Black_Tern/Black_Tern_6.jpg 141
CUB-200-Painting/142.Black_Tern/Black_Tern_19.jpg 141
CUB-200-Painting/143.Caspian_Tern/Caspian_Tern_10.jpg 142
CUB-200-Painting/143.Caspian_Tern/Caspian_Tern_15.jpg 142
CUB-200-Painting/143.Caspian_Tern/Caspian_Tern_2.jpg 142
CUB-200-Painting/143.Caspian_Tern/Caspian_Tern_4.jpg 142
CUB-200-Painting/144.Common_Tern/Common_Tern_2.jpg 143
CUB-200-Painting/144.Common_Tern/Common_Tern_4.jpg 143
CUB-200-Painting/144.Common_Tern/Common_Tern_9.jpg 143
CUB-200-Painting/144.Common_Tern/Common_Tern_6.jpg 143
CUB-200-Painting/145.Elegant_Tern/Elegant_Tern_5.jpg 144
CUB-200-Painting/145.Elegant_Tern/Elegant_Tern_8.jpg 144
CUB-200-Painting/145.Elegant_Tern/Elegant_Tern_9.jpg 144
CUB-200-Painting/145.Elegant_Tern/Elegant_Tern_0.jpg 144
CUB-200-Painting/146.Forsters_Tern/Forsters_Tern_4.jpg 145
CUB-200-Painting/146.Forsters_Tern/Forsters_Tern_5.jpg 145
CUB-200-Painting/146.Forsters_Tern/Forsters_Tern_7.jpg 145
CUB-200-Painting/146.Forsters_Tern/download-1.jpg 145
CUB-200-Painting/147.Least_Tern/Least_Tern_2.jpg 146
CUB-200-Painting/147.Least_Tern/Least_Tern_9.jpg 146
CUB-200-Painting/147.Least_Tern/Least_Tern_5.jpg 146
CUB-200-Painting/148.Green_tailed_Towhee/Green_tailed_Towhee_7.jpg 147
CUB-200-Painting/148.Green_tailed_Towhee/Green_tailed_Towhee_13.jpg 147
CUB-200-Painting/148.Green_tailed_Towhee/Green_tailed_Towhee_14.jpg 147
CUB-200-Painting/148.Green_tailed_Towhee/Green_tailed_Towhee_1.jpg 147
CUB-200-Painting/149.Brown_Thrasher/Brown_Thrasher_5.jpg 148
CUB-200-Painting/149.Brown_Thrasher/Brown_Thrasher_6.jpg 148
CUB-200-Painting/149.Brown_Thrasher/Brown_Thrasher_8.jpg 148
CUB-200-Painting/149.Brown_Thrasher/Brown_Thrasher_2.jpg 148
CUB-200-Painting/150.Sage_Thrasher/images.jpg 149
CUB-200-Painting/150.Sage_Thrasher/images-1.jpg 149
CUB-200-Painting/150.Sage_Thrasher/Sage_Thrasher_0.jpg 149
CUB-200-Painting/150.Sage_Thrasher/Sage_Thrasher_3.jpg 149
CUB-200-Painting/151.Black_capped_Vireo/Black_capped_Vireo_3.jpg 150
CUB-200-Painting/151.Black_capped_Vireo/Black_capped_Vireo_13.jpg 150
CUB-200-Painting/151.Black_capped_Vireo/Black_capped_Vireo_18.jpg 150
CUB-200-Painting/151.Black_capped_Vireo/Black_capped_Vireo_2.jpg 150
CUB-200-Painting/152.Blue_headed_Vireo/Blue_headed_Vireo_0.jpg 151
CUB-200-Painting/152.Blue_headed_Vireo/Blue_headed_Vireo_8.jpg 151
CUB-200-Painting/152.Blue_headed_Vireo/Blue_headed_Vireo_13.jpg 151
CUB-200-Painting/152.Blue_headed_Vireo/Blue_headed_Vireo_11.jpg 151
CUB-200-Painting/153.Philadelphia_Vireo/Philadelphia_Vireo_0.jpg 152
CUB-200-Painting/153.Philadelphia_Vireo/Philadelphia_Vireo_4.jpg 152
CUB-200-Painting/154.Red_eyed_Vireo/images-3.jpg 153
CUB-200-Painting/154.Red_eyed_Vireo/download.jpg 153
CUB-200-Painting/154.Red_eyed_Vireo/images-7.jpg 153
CUB-200-Painting/154.Red_eyed_Vireo/download-1.jpg 153
CUB-200-Painting/155.Warbling_Vireo/Warbling_Vireo_5.jpg 154
CUB-200-Painting/155.Warbling_Vireo/Warbling_Vireo_2.jpg 154
CUB-200-Painting/155.Warbling_Vireo/Warbling_Vireo_8.jpg 154
CUB-200-Painting/156.White_eyed_Vireo/White_eyed_Vireo_9.jpg 155
CUB-200-Painting/156.White_eyed_Vireo/White_eyed_Vireo_8.jpg 155
CUB-200-Painting/156.White_eyed_Vireo/White_eyed_Vireo_5.jpg 155
CUB-200-Painting/156.White_eyed_Vireo/White_eyed_Vireo_2.jpg 155
CUB-200-Painting/157.Yellow_throated_Vireo/Yellow_throated_Vireo_17.jpg 156
CUB-200-Painting/157.Yellow_throated_Vireo/Yellow_throated_Vireo_3.jpg 156
CUB-200-Painting/157.Yellow_throated_Vireo/Yellow_throated_Vireo_6.jpg 156
CUB-200-Painting/157.Yellow_throated_Vireo/Yellow_throated_Vireo_16.jpg 156
CUB-200-Painting/158.Bay_breasted_Warbler/Bay_breasted_Warbler_7.jpg 157
CUB-200-Painting/158.Bay_breasted_Warbler/Bay_breasted_Warbler_0.jpg 157
CUB-200-Painting/158.Bay_breasted_Warbler/Bay_breasted_Warbler_15.jpg 157
CUB-200-Painting/158.Bay_breasted_Warbler/Bay_breasted_Warbler_13.jpg 157
CUB-200-Painting/159.Black_and_white_Warbler/Black_and_white_Warbler_14.jpg 158
CUB-200-Painting/159.Black_and_white_Warbler/Black_and_white_Warbler_5.jpg 158
CUB-200-Painting/159.Black_and_white_Warbler/Black_and_white_Warbler_8.jpg 158
CUB-200-Painting/159.Black_and_white_Warbler/Black_and_white_Warbler_2.jpg 158
CUB-200-Painting/160.Black_throated_Blue_Warbler/Black_throated_Blue_Warbler_9.jpg 159
CUB-200-Painting/160.Black_throated_Blue_Warbler/Black_throated_Blue_Warbler_22.jpg 159
CUB-200-Painting/160.Black_throated_Blue_Warbler/Black_throated_Blue_Warbler_18.jpg 159
CUB-200-Painting/160.Black_throated_Blue_Warbler/Black_throated_Blue_Warbler_26.jpg 159
CUB-200-Painting/161.Blue_winged_Warbler/Blue_winged_Warbler_1.jpg 160
CUB-200-Painting/161.Blue_winged_Warbler/Blue_winged_Warbler_6.jpg 160
CUB-200-Painting/161.Blue_winged_Warbler/Blue_winged_Warbler_0.jpg 160
CUB-200-Painting/162.Canada_Warbler/Canada_Warbler_4.jpg 161
CUB-200-Painting/162.Canada_Warbler/Canada_Warbler_17.jpg 161
CUB-200-Painting/162.Canada_Warbler/Canada_Warbler_14.jpg 161
CUB-200-Painting/162.Canada_Warbler/Canada_Warbler_8.jpg 161
CUB-200-Painting/163.Cape_May_Warbler/Cape_May_Warbler_15.jpg 162
CUB-200-Painting/163.Cape_May_Warbler/Cape_May_Warbler_1.jpg 162
CUB-200-Painting/163.Cape_May_Warbler/Cape_May_Warbler_11.jpg 162
CUB-200-Painting/163.Cape_May_Warbler/Cape_May_Warbler_12.jpg 162
CUB-200-Painting/164.Cerulean_Warbler/Cerulean_Warbler_23.jpg 163
CUB-200-Painting/164.Cerulean_Warbler/Cerulean_Warbler_8.jpg 163
CUB-200-Painting/164.Cerulean_Warbler/Cerulean_Warbler_17.jpg 163
CUB-200-Painting/164.Cerulean_Warbler/Cerulean_Warbler_18.jpg 163
CUB-200-Painting/165.Chestnut_sided_Warbler/Chestnut_sided_Warbler_25.jpg 164
CUB-200-Painting/165.Chestnut_sided_Warbler/Chestnut_sided_Warbler_13.jpg 164
CUB-200-Painting/165.Chestnut_sided_Warbler/Chestnut_sided_Warbler_0.jpg 164
CUB-200-Painting/165.Chestnut_sided_Warbler/Chestnut_sided_Warbler_12.jpg 164
CUB-200-Painting/166.Golden_winged_Warbler/Golden_winged_Warbler_13.jpg 165
CUB-200-Painting/166.Golden_winged_Warbler/Golden_winged_Warbler_0.jpg 165
CUB-200-Painting/166.Golden_winged_Warbler/Golden_winged_Warbler_4.jpg 165
CUB-200-Painting/166.Golden_winged_Warbler/Golden_winged_Warbler_7.jpg 165
CUB-200-Painting/167.Hooded_Warbler/Hooded_Warbler_12.jpg 166
CUB-200-Painting/167.Hooded_Warbler/Hooded_Warbler_4.jpg 166
CUB-200-Painting/167.Hooded_Warbler/Hooded_Warbler_0.jpg 166
CUB-200-Painting/167.Hooded_Warbler/Hooded_Warbler_14.jpg 166
CUB-200-Painting/168.Kentucky_Warbler/Kentucky_Warbler_5.jpg 167
CUB-200-Painting/168.Kentucky_Warbler/Kentucky_Warbler_0.jpg 167
CUB-200-Painting/168.Kentucky_Warbler/Kentucky_Warbler_11.jpg 167
CUB-200-Painting/168.Kentucky_Warbler/Kentucky_Warbler_8.jpg 167
CUB-200-Painting/169.Magnolia_Warbler/Magnolia_Warbler_17.jpg 168
CUB-200-Painting/169.Magnolia_Warbler/Magnolia_Warbler_27.jpg 168
CUB-200-Painting/169.Magnolia_Warbler/Magnolia_Warbler_20.jpg 168
CUB-200-Painting/169.Magnolia_Warbler/Magnolia_Warbler_7.jpg 168
CUB-200-Painting/170.Mourning_Warbler/Mourning_Warbler_0.jpg 169
CUB-200-Painting/170.Mourning_Warbler/Mourning_Warbler_3.jpg 169
CUB-200-Painting/170.Mourning_Warbler/Mourning_Warbler_7.jpg 169
CUB-200-Painting/170.Mourning_Warbler/Mourning_Warbler_4.jpg 169
CUB-200-Painting/171.Myrtle_Warbler/Myrtle_Warbler_10.jpg 170
CUB-200-Painting/171.Myrtle_Warbler/Myrtle_Warbler_1.jpg 170
CUB-200-Painting/171.Myrtle_Warbler/Myrtle_Warbler_6.jpg 170
CUB-200-Painting/171.Myrtle_Warbler/Myrtle_Warbler_4.jpg 170
CUB-200-Painting/172.Nashville_Warbler/Nashville_Warbler_10.jpg 171
CUB-200-Painting/172.Nashville_Warbler/Nashville_Warbler_6.jpg 171
CUB-200-Painting/172.Nashville_Warbler/Nashville_Warbler_15.jpg 171
CUB-200-Painting/172.Nashville_Warbler/Nashville_Warbler_9.jpg 171
CUB-200-Painting/173.Orange_crowned_Warbler/Orange_crowned_Warbler_8.jpg 172
CUB-200-Painting/173.Orange_crowned_Warbler/Orange_crowned_Warbler_9.jpg 172
CUB-200-Painting/173.Orange_crowned_Warbler/Orange_crowned_Warbler_4.jpg 172
CUB-200-Painting/173.Orange_crowned_Warbler/Orange_crowned_Warbler_14.jpg 172
CUB-200-Painting/174.Palm_Warbler/Palm_Warbler_14.jpg 173
CUB-200-Painting/174.Palm_Warbler/Palm_Warbler_0.jpg 173
CUB-200-Painting/174.Palm_Warbler/Palm_Warbler_9.jpg 173
CUB-200-Painting/174.Palm_Warbler/Palm_Warbler_11.jpg 173
CUB-200-Painting/175.Pine_Warbler/images-4.jpg 174
CUB-200-Painting/175.Pine_Warbler/download-1.jpg 174
CUB-200-Painting/175.Pine_Warbler/images-3.jpg 174
CUB-200-Painting/175.Pine_Warbler/images.jpg 174
CUB-200-Painting/176.Prairie_Warbler/Prairie_Warbler_6.jpg 175
CUB-200-Painting/176.Prairie_Warbler/Prairie_Warbler_1.jpg 175
CUB-200-Painting/176.Prairie_Warbler/Prairie_Warbler_11.jpg 175
CUB-200-Painting/176.Prairie_Warbler/Prairie_Warbler_12.jpg 175
CUB-200-Painting/177.Prothonotary_Warbler/Prothonotary_Warbler_7.jpg 176
CUB-200-Painting/177.Prothonotary_Warbler/Prothonotary_Warbler_25.jpg 176
CUB-200-Painting/177.Prothonotary_Warbler/Prothonotary_Warbler_8.jpg 176
CUB-200-Painting/177.Prothonotary_Warbler/Prothonotary_Warbler_4.jpg 176
CUB-200-Painting/178.Swainson_Warbler/images.jpg 177
CUB-200-Painting/179.Tennessee_Warbler/Tennessee_Warbler_3.jpg 178
CUB-200-Painting/179.Tennessee_Warbler/Tennessee_Warbler_1.jpg 178
CUB-200-Painting/180.Wilson_Warbler/Wilson_Warbler_3.jpg 179
CUB-200-Painting/180.Wilson_Warbler/Wilson_Warbler_4.jpg 179
CUB-200-Painting/180.Wilson_Warbler/Wilson_Warbler_0.jpg 179
CUB-200-Painting/181.Worm_eating_Warbler/Worm_eating_Warbler_15.jpg 180
CUB-200-Painting/181.Worm_eating_Warbler/Worm_eating_Warbler_16.jpg 180
CUB-200-Painting/181.Worm_eating_Warbler/Worm_eating_Warbler_0.jpg 180
CUB-200-Painting/181.Worm_eating_Warbler/Worm_eating_Warbler_11.jpg 180
CUB-200-Painting/182.Yellow_Warbler/Yellow_Warbler_0.jpg 181
CUB-200-Painting/182.Yellow_Warbler/Yellow_Warbler_3.jpg 181
CUB-200-Painting/182.Yellow_Warbler/Yellow_Warbler_16.jpg 181
CUB-200-Painting/182.Yellow_Warbler/Yellow_Warbler_20.jpg 181
CUB-200-Painting/183.Northern_Waterthrush/Northern_Waterthrush_5.jpg 182
CUB-200-Painting/183.Northern_Waterthrush/Northern_Waterthrush_1.jpg 182
CUB-200-Painting/184.Louisiana_Waterthrush/download.jpg 183
CUB-200-Painting/184.Louisiana_Waterthrush/download-5.jpg 183
CUB-200-Painting/184.Louisiana_Waterthrush/download-2.jpg 183
CUB-200-Painting/184.Louisiana_Waterthrush/images.jpg 183
CUB-200-Painting/185.Bohemian_Waxwing/Bohemian_Waxwing_10.jpg 184
CUB-200-Painting/185.Bohemian_Waxwing/Bohemian_Waxwing_24.jpg 184
CUB-200-Painting/185.Bohemian_Waxwing/Bohemian_Waxwing_11.jpg 184
CUB-200-Painting/185.Bohemian_Waxwing/Bohemian_Waxwing_20.jpg 184
CUB-200-Painting/186.Cedar_Waxwing/Cedar_Waxwing_22.jpg 185
CUB-200-Painting/186.Cedar_Waxwing/Cedar_Waxwing_23.jpg 185
CUB-200-Painting/186.Cedar_Waxwing/Cedar_Waxwing_17.jpg 185
CUB-200-Painting/186.Cedar_Waxwing/Cedar_Waxwing_15.jpg 185
CUB-200-Painting/187.American_Three_toed_Woodpecker/American_Three_toed_Woodpecker_14.jpg 186
CUB-200-Painting/187.American_Three_toed_Woodpecker/American_Three_toed_Woodpecker_6.jpg 186
CUB-200-Painting/187.American_Three_toed_Woodpecker/American_Three_toed_Woodpecker_17.jpg 186
CUB-200-Painting/187.American_Three_toed_Woodpecker/American_Three_toed_Woodpecker_11.jpg 186
CUB-200-Painting/188.Pileated_Woodpecker/Pileated_Woodpecker_14.jpg 187
CUB-200-Painting/188.Pileated_Woodpecker/Pileated_Woodpecker_32.jpg 187
CUB-200-Painting/188.Pileated_Woodpecker/Pileated_Woodpecker_35.jpg 187
CUB-200-Painting/188.Pileated_Woodpecker/Pileated_Woodpecker_27.jpg 187
CUB-200-Painting/189.Red_bellied_Woodpecker/Red_bellied_Woodpecker_17.jpg 188
CUB-200-Painting/189.Red_bellied_Woodpecker/Red_bellied_Woodpecker_25.jpg 188
CUB-200-Painting/189.Red_bellied_Woodpecker/Red_bellied_Woodpecker_27.jpg 188
CUB-200-Painting/189.Red_bellied_Woodpecker/Red_bellied_Woodpecker_31.jpg 188
CUB-200-Painting/190.Red_cockaded_Woodpecker/Red_cockaded_Woodpecker_7.jpg 189
CUB-200-Painting/190.Red_cockaded_Woodpecker/Red_cockaded_Woodpecker_3.jpg 189
CUB-200-Painting/190.Red_cockaded_Woodpecker/Red_cockaded_Woodpecker_5.jpg 189
CUB-200-Painting/190.Red_cockaded_Woodpecker/Red_cockaded_Woodpecker_1.jpg 189
CUB-200-Painting/191.Red_headed_Woodpecker/Red_headed_Woodpecker_11.jpg 190
CUB-200-Painting/191.Red_headed_Woodpecker/Red_headed_Woodpecker_21.jpg 190
CUB-200-Painting/191.Red_headed_Woodpecker/Red_headed_Woodpecker_13.jpg 190
CUB-200-Painting/191.Red_headed_Woodpecker/Red_headed_Woodpecker_7.jpg 190
CUB-200-Painting/192.Downy_Woodpecker/Downy_Woodpecker_5.jpg 191
CUB-200-Painting/192.Downy_Woodpecker/Downy_Woodpecker_20.jpg 191
CUB-200-Painting/192.Downy_Woodpecker/Downy_Woodpecker_6.jpg 191
CUB-200-Painting/192.Downy_Woodpecker/Downy_Woodpecker_0.jpg 191
CUB-200-Painting/193.Bewick_Wren/Bewick_Wren_6.jpg 192
CUB-200-Painting/193.Bewick_Wren/Bewick_Wren_20.jpg 192
CUB-200-Painting/193.Bewick_Wren/Bewick_Wren_10.jpg 192
CUB-200-Painting/193.Bewick_Wren/Bewick_Wren_16.jpg 192
CUB-200-Painting/194.Cactus_Wren/Cactus_Wren_4.jpg 193
CUB-200-Painting/194.Cactus_Wren/Cactus_Wren_0.jpg 193
CUB-200-Painting/194.Cactus_Wren/Cactus_Wren_1.jpg 193
CUB-200-Painting/194.Cactus_Wren/Cactus_Wren_7.jpg 193
CUB-200-Painting/195.Carolina_Wren/images-7.jpg 194
CUB-200-Painting/195.Carolina_Wren/download-1.jpg 194
CUB-200-Painting/195.Carolina_Wren/images-9.jpg 194
CUB-200-Painting/195.Carolina_Wren/images-8.jpg 194
CUB-200-Painting/196.House_Wren/House_Wren_4.jpg 195
CUB-200-Painting/196.House_Wren/House_Wren_11.jpg 195
CUB-200-Painting/196.House_Wren/House_Wren_8.jpg 195
CUB-200-Painting/196.House_Wren/House_Wren_13.jpg 195
CUB-200-Painting/197.Marsh_Wren/Marsh_Wren_15.jpg 196
CUB-200-Painting/197.Marsh_Wren/Marsh_Wren_11.jpg 196
CUB-200-Painting/197.Marsh_Wren/Marsh_Wren_21.jpg 196
CUB-200-Painting/197.Marsh_Wren/Marsh_Wren_2.jpg 196
CUB-200-Painting/198.Rock_Wren/Rock_Wren_4.jpg 197
CUB-200-Painting/198.Rock_Wren/Rock_Wren_9.jpg 197
CUB-200-Painting/198.Rock_Wren/Rock_Wren_1.jpg 197
CUB-200-Painting/199.Winter_Wren/Winter_Wren_11.jpg 198
CUB-200-Painting/199.Winter_Wren/Winter_Wren_10.jpg 198
CUB-200-Painting/199.Winter_Wren/Winter_Wren_21.jpg 198
CUB-200-Painting/199.Winter_Wren/Winter_Wren_12.jpg 198
CUB-200-Painting/200.Common_Yellowthroat/Common_Yellowthroat_21.jpg 199
CUB-200-Painting/200.Common_Yellowthroat/Common_Yellowthroat_15.jpg 199
CUB-200-Painting/200.Common_Yellowthroat/Common_Yellowthroat_20.jpg 199
CUB-200-Painting/200.Common_Yellowthroat/Common_Yellowthroat_1.jpg 199
